t,c,u
0.019040,1.000000,[0.000000,0.000000,0.000000,0.000000,0.000000,0.000000,0.000000,0.000000,0.000000,0.000000,0.000000,0.000000,0.000000,0.000000,0.000000,0.200000,0.200000,1.000000,1.000000,1.000000,1.000000,1.000000,1.000000,1.000000,1.000000,1.000000,1.000000,1.000000,1.000000,1.000000,1.000000,0.800000,0.800000,0.000000,0.000000,0.000000,0.000000,0.000000,0.000000,0.000000,0.000000,0.000000,0.000000,0.000000,0.000000,0.000000,0.000000,0.000000,0.000000,0.000000,0.000000,0.000000,0.000000,0.000000,0.000000,0.000000,0.000000,0.000000,0.000000,0.000000,0.000000,0.000000,0.000000,0.000000,0.000000,0.000000,0.000000,0.000000,0.000000,0.000000,0.000000,0.000000,0.000000,0.000000,0.000000,0.000000,0.000000,0.000000,0.000000,0.000000,0.000000,0.000000,0.000000,0.000000,0.000000,0.000000,0.000000,0.000000,0.000000,0.000000,0.000000,0.000000,0.000000,0.000000,0.000000,0.000000,0.000000,0.000000,0.000000,0.000000]
0.038080,1.000000,[0.000000,0.000000,0.000000,0.000000,0.000000,0.000000,0.000000,0.000000,0.000000,0.000000,0.000000,0.000000,0.000000,0.000000,0.040000,0.040000,0.360000,0.360000,1.000000,1.000000,1.000000,1.000000,1.000000,1.000000,1.000000,1.000000,1.000000,1.000000,1.000000,1.000000,0.960000,0.960000,0.640000,0.640000,0.000000,0.000000,0.000000,0.000000,0.000000,0.000000,0.000000,0.000000,0.000000,0.000000,0.000000,0.000000,0.000000,0.000000,0.000000,0.000000,0.000000,0.000000,0.000000,0.000000,0.000000,0.000000,0.000000,0.000000,0.000000,0.000000,0.000000,0.000000,0.000000,0.000000,0.000000,0.000000,0.000000,0.000000,0.000000,0.000000,0.000000,0.000000,0.000000,0.000000,0.000000,0.000000,0.000000,0.000000,0.000000,0.000000,0.000000,0.000000,0.000000,0.000000,0.000000,0.000000,0.000000,0.000000,0.000000,0.000000,0.000000,0.000000,0.000000,0.000000,0.000000,0.000000,0.000000,0.000000,0.000000,0.000000]
0.057120,1.000000,[0.000000,0.000000,0.000000,0.000000,0.000000,0.000000,0.000000,0.000000,0.000000,0.000000,0.000000,0.000000,0.000000,0.008000,0.008000,0.104000,0.104000,0.488000,0.488000,1.000000,1.000000,1.000000,1.000000,1.000000,1.000000,1.000000,1.000000,1.000000,1.000000,0.992000,0.992000,0.896000,0.896000,0.512000,0.512000,0.000000,0.000000,0.000000,0.000000,0.000000,0.000000,0.000000,0.000000,0.000000,0.000000,0.000000,0.000000,0.000000,0.000000,0.000000,0.000000,0.000000,0.000000,0.000000,0.000000,0.000000,0.000000,0.000000,0.000000,0.000000,0.000000,0.000000,0.000000,0.000000,0.000000,0.000000,0.000000,0.000000,0.000000,0.000000,0.000000,0.000000,0.000000,0.000000,0.000000,0.000000,0.000000,0.000000,0.000000,0.000000,0.000000,0.000000,0.000000,0.000000,0.000000,0.000000,0.000000,0.000000,0.000000,0.000000,0.000000,0.000000,0.000000,0.000000,0.000000,0.000000,0.000000,0.000000,0.000000,0.000000]
0.076160,1.000000,[0.000000,0.000000,0.000000,0.000000,0.000000,0.000000,0.000000,0.000000,0.000000,0.000000,0.000000,0.000000,0.001600,0.001600,0.027200,0.027200,0.180800,0.180800,0.590400,0.590400,1.000000,1.000000,1.000000,1.000000,1.000000,1.000000,1.000000,1.000000,0.998400,0.998400,0.972800,0.972800,0.819200,0.819200,0.409600,0.409600,0.000000,0.000000,0.000000,0.000000,0.000000,0.000000,0.000000,0.000000,0.000000,0.000000,0.000000,0.000000,0.000000,0.000000,0.000000,0.000000,0.000000,0.000000,0.000000,0.000000,0.000000,0.000000,0.000000,0.000000,0.000000,0.000000,0.000000,0.000000,0.000000,0.000000,0.000000,0.000000,0.000000,0.000000,0.000000,0.000000,0.000000,0.000000,0.000000,0.000000,0.000000,0.000000,0.000000,0.000000,0.000000,0.000000,0.000000,0.000000,0.000000,0.000000,0.000000,0.000000,0.000000,0.000000,0.000000,0.000000,0.000000,0.000000,0.000000,0.000000,0.000000,0.000000,0.000000,0.000000]
0.095200,1.000000,[0.000000,0.000000,0.000000,0.000000,0.000000,0.000000,0.000000,0.000000,0.000000,0.000000,0.000000,0.000320,0.000320,0.006720,0.006720,0.057920,0.057920,0.262720,0.262720,0.672320,0.672320,1.000000,1.000000,1.000000,1.000000,1.000000,1.000000,0.999680,0.999680,0.993280,0.993280,0.942080,0.942080,0.737280,0.737280,0.327680,0.327680,0.000000,0.000000,0.000000,0.000000,0.000000,0.000000,0.000000,0.000000,0.000000,0.000000,0.000000,0.000000,0.000000,0.000000,0.000000,0.000000,0.000000,0.000000,0.000000,0.000000,0.000000,0.000000,0.000000,0.000000,0.000000,0.000000,0.000000,0.000000,0.000000,0.000000,0.000000,0.000000,0.000000,0.000000,0.000000,0.000000,0.000000,0.000000,0.000000,0.000000,0.000000,0.000000,0.000000,0.000000,0.000000,0.000000,0.000000,0.000000,0.000000,0.000000,0.000000,0.000000,0.000000,0.000000,0.000000,0.000000,0.000000,0.000000,0.000000,0.000000,0.000000,0.000000,0.000000]
0.114240,1.000000,[0.000000,0.000000,0.000000,0.000000,0.000000,0.000000,0.000000,0.000000,0.000000,0.000000,0.000064,0.000064,0.001600,0.001600,0.016960,0.016960,0.098880,0.098880,0.344640,0.344640,0.737856,0.737856,1.000000,1.000000,1.000000,1.000000,0.999936,0.999936,0.998400,0.998400,0.983040,0.983040,0.901120,0.901120,0.655360,0.655360,0.262144,0.262144,0.000000,0.000000,0.000000,0.000000,0.000000,0.000000,0.000000,0.000000,0.000000,0.000000,0.000000,0.000000,0.000000,0.000000,0.000000,0.000000,0.000000,0.000000,0.000000,0.000000,0.000000,0.000000,0.000000,0.000000,0.000000,0.000000,0.000000,0.000000,0.000000,0.000000,0.000000,0.000000,0.000000,0.000000,0.000000,0.000000,0.000000,0.000000,0.000000,0.000000,0.000000,0.000000,0.000000,0.000000,0.000000,0.000000,0.000000,0.000000,0.000000,0.000000,0.000000,0.000000,0.000000,0.000000,0.000000,0.000000,0.000000,0.000000,0.000000,0.000000,0.000000,0.000000]
0.133280,1.000000,[0.000000,0.000000,0.000000,0.000000,0.000000,0.000000,0.000000,0.000000,0.000000,0.000013,0.000013,0.000371,0.000371,0.004672,0.004672,0.033344,0.033344,0.148032,0.148032,0.423283,0.423283,0.790285,0.790285,1.000000,1.000000,0.999987,0.999987,0.999629,0.999629,0.995328,0.995328,0.966656,0.966656,0.851968,0.851968,0.576717,0.576717,0.209715,0.209715,0.000000,0.000000,0.000000,0.000000,0.000000,0.000000,0.000000,0.000000,0.000000,0.000000,0.000000,0.000000,0.000000,0.000000,0.000000,0.000000,0.000000,0.000000,0.000000,0.000000,0.000000,0.000000,0.000000,0.000000,0.000000,0.000000,0.000000,0.000000,0.000000,0.000000,0.000000,0.000000,0.000000,0.000000,0.000000,0.000000,0.000000,0.000000,0.000000,0.000000,0.000000,0.000000,0.000000,0.000000,0.000000,0.000000,0.000000,0.000000,0.000000,0.000000,0.000000,0.000000,0.000000,0.000000,0.000000,0.000000,0.000000,0.000000,0.000000,0.000000,0.000000]
0.152320,1.000000,[0.000000,0.000000,0.000000,0.000000,0.000000,0.000000,0.000000,0.000000,0.000003,0.000003,0.000084,0.000084,0.001231,0.001231,0.010406,0.010406,0.056282,0.056282,0.203082,0.203082,0.496684,0.496684,0.832228,0.832228,0.999997,0.999997,0.999916,0.999916,0.998769,0.998769,0.989594,0.989594,0.943718,0.943718,0.796918,0.796918,0.503316,0.503316,0.167772,0.167772,0.000000,0.000000,0.000000,0.000000,0.000000,0.000000,0.000000,0.000000,0.000000,0.000000,0.000000,0.000000,0.000000,0.000000,0.000000,0.000000,0.000000,0.000000,0.000000,0.000000,0.000000,0.000000,0.000000,0.000000,0.000000,0.000000,0.000000,0.000000,0.000000,0.000000,0.000000,0.000000,0.000000,0.000000,0.000000,0.000000,0.000000,0.000000,0.000000,0.000000,0.000000,0.000000,0.000000,0.000000,0.000000,0.000000,0.000000,0.000000,0.000000,0.000000,0.000000,0.000000,0.000000,0.000000,0.000000,0.000000,0.000000,0.000000,0.000000,0.000000]
0.171360,1.000000,[0.000000,0.000000,0.000000,0.000000,0.000000,0.000000,0.000000,0.000001,0.000001,0.000019,0.000019,0.000314,0.000314,0.003066,0.003066,0.019581,0.019581,0.085642,0.085642,0.261802,0.261802,0.563792,0.563792,0.865782,0.865782,0.999981,0.999981,0.999686,0.999686,0.996934,0.996934,0.980419,0.980419,0.914358,0.914358,0.738198,0.738198,0.436208,0.436208,0.134218,0.134218,0.000000,0.000000,0.000000,0.000000,0.000000,0.000000,0.000000,0.000000,0.000000,0.000000,0.000000,0.000000,0.000000,0.000000,0.000000,0.000000,0.000000,0.000000,0.000000,0.000000,0.000000,0.000000,0.000000,0.000000,0.000000,0.000000,0.000000,0.000000,0.000000,0.000000,0.000000,0.000000,0.000000,0.000000,0.000000,0.000000,0.000000,0.000000,0.000000,0.000000,0.000000,0.000000,0.000000,0.000000,0.000000,0.000000,0.000000,0.000000,0.000000,0.000000,0.000000,0.000000,0.000000,0.000000,0.000000,0.000000,0.000000,0.000000,0.000000]
0.190400,1.000000,[0.000000,0.000000,0.000000,0.000000,0.000000,0.000000,0.000000,0.000000,0.000004,0.000004,0.000078,0.000078,0.000864,0.000864,0.006369,0.006369,0.032793,0.032793,0.120874,0.120874,0.322200,0.322200,0.624190,0.624190,0.892622,0.892622,0.999922,0.999922,0.999136,0.999136,0.993631,0.993631,0.967207,0.967207,0.879126,0.879126,0.677800,0.677800,0.375810,0.375810,0.107374,0.107374,0.000000,0.000000,0.000000,0.000000,0.000000,0.000000,0.000000,0.000000,0.000000,0.000000,0.000000,0.000000,0.000000,0.000000,0.000000,0.000000,0.000000,0.000000,0.000000,0.000000,0.000000,0.000000,0.000000,0.000000,0.000000,0.000000,0.000000,0.000000,0.000000,0.000000,0.000000,0.000000,0.000000,0.000000,0.000000,0.000000,0.000000,0.000000,0.000000,0.000000,0.000000,0.000000,0.000000,0.000000,0.000000,0.000000,0.000000,0.000000,0.000000,0.000000,0.000000,0.000000,0.000000,0.000000,0.000000,0.000000,0.000000,0.000000]
0.209440,1.000000,[0.000000,0.000000,0.000000,0.000000,0.000000,0.000000,0.000000,0.000001,0.000001,0.000019,0.000019,0.000235,0.000235,0.001965,0.001965,0.011654,0.011654,0.050410,0.050410,0.161139,0.161139,0.382598,0.382598,0.677877,0.677877,0.914082,0.914082,0.999765,0.999765,0.998035,0.998035,0.988346,0.988346,0.949590,0.949590,0.838861,0.838861,0.617402,0.617402,0.322123,0.322123,0.085899,0.085899,0.000000,0.000000,0.000000,0.000000,0.000000,0.000000,0.000000,0.000000,0.000000,0.000000,0.000000,0.000000,0.000000,0.000000,0.000000,0.000000,0.000000,0.000000,0.000000,0.000000,0.000000,0.000000,0.000000,0.000000,0.000000,0.000000,0.000000,0.000000,0.000000,0.000000,0.000000,0.000000,0.000000,0.000000,0.000000,0.000000,0.000000,0.000000,0.000000,0.000000,0.000000,0.000000,0.000000,0.000000,0.000000,0.000000,0.000000,0.000000,0.000000,0.000000,0.000000,0.000000,0.000000,0.000000,0.000000,0.000000,0.000000]
0.228479,1.000000,[0.000000,0.000000,0.000000,0.000000,0.000000,0.000000,0.000000,0.000000,0.000005,0.000005,0.000062,0.000062,0.000581,0.000581,0.003903,0.003903,0.019405,0.019405,0.072555,0.072555,0.205431,0.205431,0.441654,0.441654,0.725118,0.725118,0.931218,0.931218,0.999419,0.999419,0.996097,0.996097,0.980595,0.980595,0.927445,0.927445,0.794569,0.794569,0.558346,0.558346,0.274878,0.274878,0.068719,0.068719,0.000000,0.000000,0.000000,0.000000,0.000000,0.000000,0.000000,0.000000,0.000000,0.000000,0.000000,0.000000,0.000000,0.000000,0.000000,0.000000,0.000000,0.000000,0.000000,0.000000,0.000000,0.000000,0.000000,0.000000,0.000000,0.000000,0.000000,0.000000,0.000000,0.000000,0.000000,0.000000,0.000000,0.000000,0.000000,0.000000,0.000000,0.000000,0.000000,0.000000,0.000000,0.000000,0.000000,0.000000,0.000000,0.000000,0.000000,0.000000,0.000000,0.000000,0.000000,0.000000,0.000000,0.000000,0.000000,0.000000]
0.247519,1.000000,[0.000000,0.000000,0.000000,0.000000,0.000000,0.000000,0.000000,0.000001,0.000001,0.000016,0.000016,0.000166,0.000166,0.001246,0.001246,0.007004,0.007004,0.030035,0.030035,0.099131,0.099131,0.252676,0.252676,0.498347,0.498347,0.766338,0.766338,0.944858,0.944858,0.998754,0.998754,0.992996,0.992996,0.969965,0.969965,0.900869,0.900869,0.747324,0.747324,0.501652,0.501652,0.233646,0.233646,0.054976,0.054976,0.000000,0.000000,0.000000,0.000000,0.000000,0.000000,0.000000,0.000000,0.000000,0.000000,0.000000,0.000000,0.000000,0.000000,0.000000,0.000000,0.000000,0.000000,0.000000,0.000000,0.000000,0.000000,0.000000,0.000000,0.000000,0.000000,0.000000,0.000000,0.000000,0.000000,0.000000,0.000000,0.000000,0.000000,0.000000,0.000000,0.000000,0.000000,0.000000,0.000000,0.000000,0.000000,0.000000,0.000000,0.000000,0.000000,0.000000,0.000000,0.000000,0.000000,0.000000,0.000000,0.000000,0.000000,0.000000]
0.266559,1.000000,[0.000000,0.000000,0.000000,0.000000,0.000000,0.000000,0.000000,0.000000,0.000004,0.000004,0.000046,0.000046,0.000382,0.000382,0.002397,0.002397,0.011610,0.011610,0.043854,0.043854,0.129840,0.129840,0.301810,0.301810,0.551945,0.551945,0.802042,0.802042,0.955638,0.955638,0.997603,0.997603,0.988390,0.988390,0.956146,0.956146,0.870160,0.870160,0.698190,0.698190,0.448051,0.448051,0.197912,0.197912,0.043980,0.043980,0.000000,0.000000,0.000000,0.000000,0.000000,0.000000,0.000000,0.000000,0.000000,0.000000,0.000000,0.000000,0.000000,0.000000,0.000000,0.000000,0.000000,0.000000,0.000000,0.000000,0.000000,0.000000,0.000000,0.000000,0.000000,0.000000,0.000000,0.000000,0.000000,0.000000,0.000000,0.000000,0.000000,0.000000,0.000000,0.000000,0.000000,0.000000,0.000000,0.000000,0.000000,0.000000,0.000000,0.000000,0.000000,0.000000,0.000000,0.000000,0.000000,0.000000,0.000000,0.000000,0.000000,0.000000]
0.285599,1.000000,[0.000000,0.000000,0.000000,0.000000,0.000000,0.000000,0.000000,0.000001,0.000001,0.000012,0.000012,0.000113,0.000113,0.000785,0.000785,0.004240,0.004240,0.018059,0.018059,0.061051,0.061051,0.164234,0.164234,0.351837,0.351837,0.601964,0.601964,0.832761,0.832761,0.964031,0.964031,0.995760,0.995760,0.981941,0.981941,0.938949,0.938949,0.835766,0.835766,0.648162,0.648162,0.398023,0.398023,0.167126,0.167126,0.035184,0.035184,0.000000,0.000000,0.000000,0.000000,0.000000,0.000000,0.000000,0.000000,0.000000,0.000000,0.000000,0.000000,0.000000,0.000000,0.000000,0.000000,0.000000,0.000000,0.000000,0.000000,0.000000,0.000000,0.000000,0.000000,0.000000,0.000000,0.000000,0.000000,0.000000,0.000000,0.000000,0.000000,0.000000,0.000000,0.000000,0.000000,0.000000,0.000000,0.000000,0.000000,0.000000,0.000000,0.000000,0.000000,0.000000,0.000000,0.000000,0.000000,0.000000,0.000000,0.000000,0.000000,0.000000]
0.304639,1.000000,[0.000000,0.000000,0.000000,0.000000,0.000000,0.000000,0.000000,0.000000,0.000003,0.000003,0.000033,0.000033,0.000248,0.000248,0.001476,0.001476,0.007004,0.007004,0.026657,0.026657,0.081688,0.081688,0.201754,0.201754,0.401862,0.401862,0.648124,0.648124,0.859015,0.859015,0.970377,0.970377,0.992996,0.992996,0.973343,0.973343,0.918312,0.918312,0.798245,0.798245,0.598134,0.598134,0.351844,0.351844,0.140737,0.140737,0.028147,0.028147,0.000000,0.000000,0.000000,0.000000,0.000000,0.000000,0.000000,0.000000,0.000000,0.000000,0.000000,0.000000,0.000000,0.000000,0.000000,0.000000,0.000000,0.000000,0.000000,0.000000,0.000000,0.000000,0.000000,0.000000,0.000000,0.000000,0.000000,0.000000,0.000000,0.000000,0.000000,0.000000,0.000000,0.000000,0.000000,0.000000,0.000000,0.000000,0.000000,0.000000,0.000000,0.000000,0.000000,0.000000,0.000000,0.000000,0.000000,0.000000,0.000000,0.000000,0.000000,0.000000]
0.323679,1.000000,[0.000000,0.000000,0.000000,0.000000,0.000000,0.000000,0.000000,0.000001,0.000001,0.000009,0.000009,0.000076,0.000076,0.000493,0.000493,0.002581,0.002581,0.010934,0.010934,0.037663,0.037663,0.105701,0.105701,0.241776,0.241776,0.451115,0.451115,0.690302,0.690302,0.881287,0.881287,0.974901,0.974901,0.989066,0.989066,0.962337,0.962337,0.894299,0.894299,0.758223,0.758223,0.548876,0.548876,0.309622,0.309622,0.118219,0.118219,0.022518,0.022518,0.000000,0.000000,0.000000,0.000000,0.000000,0.000000,0.000000,0.000000,0.000000,0.000000,0.000000,0.000000,0.000000,0.000000,0.000000,0.000000,0.000000,0.000000,0.000000,0.000000,0.000000,0.000000,0.000000,0.000000,0.000000,0.000000,0.000000,0.000000,0.000000,0.000000,0.000000,0.000000,0.000000,0.000000,0.000000,0.000000,0.000000,0.000000,0.000000,0.000000,0.000000,0.000000,0.000000,0.000000,0.000000,0.000000,0.000000,0.000000,0.000000,0.000000,0.000000]
0.342719,1.000000,[0.000000,0.000000,0.000000,0.000000,0.000000,0.000000,0.000000,0.000000,0.000003,0.000003,0.000022,0.000022,0.000159,0.000159,0.000911,0.000911,0.004252,0.004252,0.016280,0.016280,0.051271,0.051271,0.132916,0.132916,0.283644,0.283644,0.498952,0.498952,0.728499,0.728499,0.900010,0.900010,0.977734,0.977734,0.983720,0.983720,0.948729,0.948729,0.867084,0.867084,0.716354,0.716354,0.501025,0.501025,0.271342,0.271342,0.099079,0.099079,0.018014,0.018014,0.000000,0.000000,0.000000,0.000000,0.000000,0.000000,0.000000,0.000000,0.000000,0.000000,0.000000,0.000000,0.000000,0.000000,0.000000,0.000000,0.000000,0.000000,0.000000,0.000000,0.000000,0.000000,0.000000,0.000000,0.000000,0.000000,0.000000,0.000000,0.000000,0.000000,0.000000,0.000000,0.000000,0.000000,0.000000,0.000000,0.000000,0.000000,0.000000,0.000000,0.000000,0.000000,0.000000,0.000000,0.000000,0.000000,0.000000,0.000000,0.000000,0.000000]
0.361759,1.000000,[0.000000,0.000000,0.000000,0.000000,0.000000,0.000000,0.000000,0.000001,0.000001,0.000007,0.000007,0.000050,0.000050,0.000309,0.000309,0.001579,0.001579,0.006658,0.006658,0.023278,0.023278,0.067600,0.067600,0.163062,0.163062,0.326705,0.326705,0.544861,0.544861,0.762801,0.762801,0.915555,0.915555,0.978931,0.978931,0.976722,0.976722,0.932400,0.932400,0.836938,0.836938,0.673288,0.673288,0.455089,0.455089,0.236889,0.236889,0.082866,0.082866,0.014412,0.014412,0.000000,0.000000,0.000000,0.000000,0.000000,0.000000,0.000000,0.000000,0.000000,0.000000,0.000000,0.000000,0.000000,0.000000,0.000000,0.000000,0.000000,0.000000,0.000000,0.000000,0.000000,0.000000,0.000000,0.000000,0.000000,0.000000,0.000000,0.000000,0.000000,0.000000,0.000000,0.000000,0.000000,0.000000,0.000000,0.000000,0.000000,0.000000,0.000000,0.000000,0.000000,0.000000,0.000000,0.000000,0.000000,0.000000,0.000000,0.000000,0.000000]
0.380799,1.000000,[0.000000,0.000000,0.000000,0.000000,0.000000,0.000000,0.000000,0.000000,0.000002,0.000002,0.000015,0.000015,0.000102,0.000102,0.000563,0.000563,0.002595,0.002595,0.009982,0.009982,0.032143,0.032143,0.086692,0.086692,0.195790,0.195790,0.370337,0.370337,0.588449,0.588449,0.793352,0.793352,0.928230,0.928230,0.978489,0.978489,0.967857,0.967857,0.913307,0.913307,0.804208,0.804208,0.629648,0.629648,0.411449,0.411449,0.206085,0.206085,0.069175,0.069175,0.011529,0.011529,0.000000,0.000000,0.000000,0.000000,0.000000,0.000000,0.000000,0.000000,0.000000,0.000000,0.000000,0.000000,0.000000,0.000000,0.000000,0.000000,0.000000,0.000000,0.000000,0.000000,0.000000,0.000000,0.000000,0.000000,0.000000,0.000000,0.000000,0.000000,0.000000,0.000000,0.000000,0.000000,0.000000,0.000000,0.000000,0.000000,0.000000,0.000000,0.000000,0.000000,0.000000,0.000000,0.000000,0.000000,0.000000,0.000000,0.000000,0.000000]
0.399839,1.000000,[0.000000,0.000000,0.000000,0.000000,0.000000,0.000000,0.000000,0.000001,0.000001,0.000005,0.000005,0.000032,0.000032,0.000194,0.000194,0.000970,0.000970,0.004072,0.004072,0.014414,0.014414,0.043053,0.043053,0.108512,0.108512,0.230700,0.230700,0.413959,0.413959,0.629430,0.629430,0.820327,0.820327,0.938282,0.938282,0.976363,0.976363,0.956947,0.956947,0.891488,0.891488,0.769296,0.769296,0.586008,0.586008,0.370376,0.370376,0.178703,0.178703,0.057646,0.057646,0.009223,0.009223,0.000000,0.000000,0.000000,0.000000,0.000000,0.000000,0.000000,0.000000,0.000000,0.000000,0.000000,0.000000,0.000000,0.000000,0.000000,0.000000,0.000000,0.000000,0.000000,0.000000,0.000000,0.000000,0.000000,0.000000,0.000000,0.000000,0.000000,0.000000,0.000000,0.000000,0.000000,0.000000,0.000000,0.000000,0.000000,0.000000,0.000000,0.000000,0.000000,0.000000,0.000000,0.000000,0.000000,0.000000,0.000000,0.000000,0.000000]
0.418879,1.000000,[0.000000,0.000000,0.000000,0.000000,0.000000,0.000000,0.000000,0.000000,0.000001,0.000001,0.000010,0.000010,0.000065,0.000065,0.000349,0.000349,0.001590,0.001590,0.006141,0.006141,0.020142,0.020142,0.056144,0.056144,0.132949,0.132949,0.267352,0.267352,0.457053,0.457053,0.667609,0.667609,0.843918,0.843918,0.945898,0.945898,0.972480,0.972480,0.943855,0.943855,0.867049,0.867049,0.732638,0.732638,0.542882,0.542882,0.332041,0.332041,0.154491,0.154491,0.047962,0.047962,0.007379,0.007379,0.000000,0.000000,0.000000,0.000000,0.000000,0.000000,0.000000,0.000000,0.000000,0.000000,0.000000,0.000000,0.000000,0.000000,0.000000,0.000000,0.000000,0.000000,0.000000,0.000000,0.000000,0.000000,0.000000,0.000000,0.000000,0.000000,0.000000,0.000000,0.000000,0.000000,0.000000,0.000000,0.000000,0.000000,0.000000,0.000000,0.000000,0.000000,0.000000,0.000000,0.000000,0.000000,0.000000,0.000000,0.000000,0.000000]
0.437919,1.000000,[0.000000,0.000000,0.000000,0.000000,0.000000,0.000000,0.000000,0.000000,0.000000,0.000003,0.000003,0.000021,0.000021,0.000122,0.000122,0.000597,0.000597,0.002500,0.002500,0.008941,0.008941,0.027342,0.027342,0.071505,0.071505,0.159830,0.159830,0.305292,0.305292,0.499165,0.499165,0.702871,0.702871,0.864314,0.864314,0.951214,0.951214,0.966755,0.966755,0.928494,0.928494,0.840167,0.840167,0.694687,0.694687,0.500714,0.500714,0.296531,0.296531,0.133185,0.133185,0.039845,0.039845,0.005903,0.005903,0.000000,0.000000,0.000000,0.000000,0.000000,0.000000,0.000000,0.000000,0.000000,0.000000,0.000000,0.000000,0.000000,0.000000,0.000000,0.000000,0.000000,0.000000,0.000000,0.000000,0.000000,0.000000,0.000000,0.000000,0.000000,0.000000,0.000000,0.000000,0.000000,0.000000,0.000000,0.000000,0.000000,0.000000,0.000000,0.000000,0.000000,0.000000,0.000000,0.000000,0.000000,0.000000,0.000000,0.000000,0.000000]
0.456959,1.000000,[0.000000,0.000000,0.000000,0.000000,0.000000,0.000000,0.000000,0.000000,0.000001,0.000001,0.000007,0.000007,0.000041,0.000041,0.000217,0.000217,0.000978,0.000978,0.003788,0.003788,0.012621,0.012621,0.036175,0.036175,0.089170,0.089170,0.188922,0.188922,0.344066,0.344066,0.539906,0.539906,0.735160,0.735160,0.881694,0.881694,0.954322,0.954322,0.959103,0.959103,0.910829,0.910829,0.811071,0.811071,0.655892,0.655892,0.459877,0.459877,0.263862,0.263862,0.114517,0.114517,0.033057,0.033057,0.004722,0.004722,0.000000,0.000000,0.000000,0.000000,0.000000,0.000000,0.000000,0.000000,0.000000,0.000000,0.000000,0.000000,0.000000,0.000000,0.000000,0.000000,0.000000,0.000000,0.000000,0.000000,0.000000,0.000000,0.000000,0.000000,0.000000,0.000000,0.000000,0.000000,0.000000,0.000000,0.000000,0.000000,0.000000,0.000000,0.000000,0.000000,0.000000,0.000000,0.000000,0.000000,0.000000,0.000000,0.000000,0.000000]
0.475999,1.000000,[0.000000,0.000000,0.000000,0.000000,0.000000,0.000000,0.000000,0.000000,0.000000,0.000002,0.000002,0.000014,0.000014,0.000076,0.000076,0.000369,0.000369,0.001540,0.001540,0.005555,0.005555,0.017332,0.017332,0.046774,0.046774,0.109121,0.109121,0.219951,0.219951,0.383234,0.383234,0.578957,0.578957,0.764467,0.764467,0.896220,0.896220,0.955278,0.955278,0.949448,0.949448,0.890877,0.890877,0.780035,0.780035,0.616689,0.616689,0.420674,0.420674,0.233993,0.233993,0.098225,0.098225,0.027390,0.027390,0.003778,0.003778,0.000000,0.000000,0.000000,0.000000,0.000000,0.000000,0.000000,0.000000,0.000000,0.000000,0.000000,0.000000,0.000000,0.000000,0.000000,0.000000,0.000000,0.000000,0.000000,0.000000,0.000000,0.000000,0.000000,0.000000,0.000000,0.000000,0.000000,0.000000,0.000000,0.000000,0.000000,0.000000,0.000000,0.000000,0.000000,0.000000,0.000000,0.000000,0.000000,0.000000,0.000000,0.000000,0.000000]
0.495039,1.000000,[0.000000,0.000000,0.000000,0.000000,0.000000,0.000000,0.000000,0.000000,0.000001,0.000001,0.000004,0.000004,0.000026,0.000026,0.000135,0.000135,0.000603,0.000603,0.002343,0.002343,0.007910,0.007910,0.023220,0.023220,0.059243,0.059243,0.131287,0.131287,0.252608,0.252608,0.422379,0.422379,0.616059,0.616059,0.790817,0.790817,0.908032,0.908032,0.954112,0.954112,0.937734,0.937734,0.868709,0.868709,0.747366,0.747366,0.577486,0.577486,0.383338,0.383338,0.206840,0.206840,0.084058,0.084058,0.022667,0.022667,0.003022,0.003022,0.000000,0.000000,0.000000,0.000000,0.000000,0.000000,0.000000,0.000000,0.000000,0.000000,0.000000,0.000000,0.000000,0.000000,0.000000,0.000000,0.000000,0.000000,0.000000,0.000000,0.000000,0.000000,0.000000,0.000000,0.000000,0.000000,0.000000,0.000000,0.000000,0.000000,0.000000,0.000000,0.000000,0.000000,0.000000,0.000000,0.000000,0.000000,0.000000,0.000000,0.000000,0.000000]
0.514079,1.000000,[0.000000,0.000000,0.000000,0.000000,0.000000,0.000000,0.000000,0.000000,0.000000,0.000001,0.000001,0.000009,0.000009,0.000048,0.000048,0.000229,0.000229,0.000951,0.000951,0.003456,0.003456,0.010972,0.010972,0.030425,0.030425,0.073652,0.073652,0.155551,0.155551,0.286562,0.286562,0.461115,0.461115,0.651010,0.651010,0.814260,0.814260,0.917248,0.917248,0.950837,0.950837,0.923929,0.923929,0.844440,0.844440,0.713390,0.713390,0.538657,0.538657,0.348038,0.348038,0.182283,0.182283,0.071780,0.071780,0.018738,0.018738,0.002418,0.002418,0.000000,0.000000,0.000000,0.000000,0.000000,0.000000,0.000000,0.000000,0.000000,0.000000,0.000000,0.000000,0.000000,0.000000,0.000000,0.000000,0.000000,0.000000,0.000000,0.000000,0.000000,0.000000,0.000000,0.000000,0.000000,0.000000,0.000000,0.000000,0.000000,0.000000,0.000000,0.000000,0.000000,0.000000,0.000000,0.000000,0.000000,0.000000,0.000000,0.000000,0.000000]
0.533119,1.000000,[0.000000,0.000000,0.000000,0.000000,0.000000,0.000000,0.000000,0.000000,0.000000,0.000000,0.000003,0.000003,0.000017,0.000017,0.000084,0.000084,0.000373,0.000373,0.001452,0.001452,0.004960,0.004960,0.014863,0.014863,0.039070,0.039070,0.090032,0.090032,0.181753,0.181753,0.321473,0.321473,0.499094,0.499094,0.683660,0.683660,0.834858,0.834858,0.923965,0.923965,0.945455,0.945455,0.908031,0.908031,0.818230,0.818230,0.678444,0.678444,0.500533,0.500533,0.314887,0.314887,0.160183,0.160183,0.061172,0.061172,0.015474,0.015474,0.001934,0.001934,0.000000,0.000000,0.000000,0.000000,0.000000,0.000000,0.000000,0.000000,0.000000,0.000000,0.000000,0.000000,0.000000,0.000000,0.000000,0.000000,0.000000,0.000000,0.000000,0.000000,0.000000,0.000000,0.000000,0.000000,0.000000,0.000000,0.000000,0.000000,0.000000,0.000000,0.000000,0.000000,0.000000,0.000000,0.000000,0.000000,0.000000,0.000000,0.000000,0.000000]
0.552159,1.000000,[0.000000,0.000000,0.000000,0.000000,0.000000,0.000000,0.000000,0.000000,0.000000,0.000001,0.000001,0.000006,0.000006,0.000030,0.000030,0.000142,0.000142,0.000589,0.000589,0.002154,0.002154,0.006940,0.006940,0.019704,0.019704,0.049263,0.049263,0.108376,0.108376,0.209697,0.209697,0.356997,0.356997,0.536007,0.536007,0.713900,0.713900,0.852679,0.852679,0.928263,0.928263,0.937970,0.937970,0.890071,0.890071,0.790273,0.790273,0.642861,0.642861,0.463404,0.463404,0.283946,0.283946,0.140380,0.140380,0.052032,0.052032,0.012766,0.012766,0.001547,0.001547,0.000000,0.000000,0.000000,0.000000,0.000000,0.000000,0.000000,0.000000,0.000000,0.000000,0.000000,0.000000,0.000000,0.000000,0.000000,0.000000,0.000000,0.000000,0.000000,0.000000,0.000000,0.000000,0.000000,0.000000,0.000000,0.000000,0.000000,0.000000,0.000000,0.000000,0.000000,0.000000,0.000000,0.000000,0.000000,0.000000,0.000000,0.000000,0.000000]
0.571199,1.000000,[0.000000,0.000000,0.000000,0.000000,0.000000,0.000000,0.000000,0.000000,0.000000,0.000000,0.000002,0.000002,0.000010,0.000010,0.000052,0.000052,0.000231,0.000231,0.000902,0.000902,0.003111,0.003111,0.009493,0.009493,0.025616,0.025616,0.061085,0.061085,0.128640,0.128640,0.239157,0.239157,0.392799,0.392799,0.571586,0.571586,0.741656,0.741656,0.867796,0.867796,0.930205,0.930205,0.928390,0.928390,0.870111,0.870111,0.760791,0.760791,0.606970,0.606970,0.427512,0.427512,0.255233,0.255233,0.122711,0.122711,0.044179,0.044179,0.010522,0.010522,0.001238,0.001238,0.000000,0.000000,0.000000,0.000000,0.000000,0.000000,0.000000,0.000000,0.000000,0.000000,0.000000,0.000000,0.000000,0.000000,0.000000,0.000000,0.000000,0.000000,0.000000,0.000000,0.000000,0.000000,0.000000,0.000000,0.000000,0.000000,0.000000,0.000000,0.000000,0.000000,0.000000,0.000000,0.000000,0.000000,0.000000,0.000000,0.000000,0.000000]
0.590239,1.000000,[0.000000,0.000000,0.000000,0.000000,0.000000,0.000000,0.000000,0.000000,0.000000,0.000001,0.000001,0.000004,0.000004,0.000019,0.000019,0.000088,0.000088,0.000365,0.000365,0.001344,0.001344,0.004387,0.004387,0.012718,0.012718,0.032710,0.032710,0.074596,0.074596,0.150744,0.150744,0.269885,0.269885,0.428556,0.428556,0.605600,0.605600,0.766884,0.766884,0.880278,0.880278,0.929842,0.929842,0.916735,0.916735,0.848247,0.848247,0.730026,0.730026,0.571078,0.571078,0.393057,0.393057,0.228729,0.228729,0.107004,0.107004,0.037448,0.037448,0.008666,0.008666,0.000990,0.000990,0.000000,0.000000,0.000000,0.000000,0.000000,0.000000,0.000000,0.000000,0.000000,0.000000,0.000000,0.000000,0.000000,0.000000,0.000000,0.000000,0.000000,0.000000,0.000000,0.000000,0.000000,0.000000,0.000000,0.000000,0.000000,0.000000,0.000000,0.000000,0.000000,0.000000,0.000000,0.000000,0.000000,0.000000,0.000000,0.000000,0.000000]
0.609279,1.000000,[0.000000,0.000000,0.000000,0.000000,0.000000,0.000000,0.000000,0.000000,0.000000,0.000000,0.000001,0.000001,0.000007,0.000007,0.000033,0.000033,0.000144,0.000144,0.000561,0.000561,0.001952,0.001952,0.006053,0.006053,0.016716,0.016716,0.041087,0.041087,0.089826,0.089826,0.174572,0.174572,0.301620,0.301620,0.463965,0.463965,0.637857,0.637857,0.789563,0.789563,0.890191,0.890191,0.927220,0.927220,0.903037,0.903037,0.824603,0.824603,0.698237,0.698237,0.535474,0.535474,0.360191,0.360191,0.204384,0.204384,0.093093,0.093093,0.031691,0.031691,0.007131,0.007131,0.000792,0.000792,0.000000,0.000000,0.000000,0.000000,0.000000,0.000000,0.000000,0.000000,0.000000,0.000000,0.000000,0.000000,0.000000,0.000000,0.000000,0.000000,0.000000,0.000000,0.000000,0.000000,0.000000,0.000000,0.000000,0.000000,0.000000,0.000000,0.000000,0.000000,0.000000,0.000000,0.000000,0.000000,0.000000,0.000000,0.000000,0.000000]
0.628319,1.000000,[0.000000,0.000000,0.000000,0.000000,0.000000,0.000000,0.000000,0.000000,0.000000,0.000000,0.000000,0.000002,0.000002,0.000012,0.000012,0.000055,0.000055,0.000227,0.000227,0.000839,0.000839,0.002773,0.002773,0.008186,0.008186,0.021590,0.021590,0.050835,0.050835,0.106775,0.106775,0.199981,0.199981,0.334089,0.334089,0.498743,0.498743,0.668198,0.668198,0.809688,0.809688,0.897597,0.897597,0.922384,0.922384,0.887350,0.887350,0.799330,0.799330,0.665684,0.665684,0.500417,0.500417,0.329030,0.329030,0.182126,0.182126,0.080813,0.080813,0.026779,0.026779,0.005863,0.005863,0.000634,0.000634,0.000000,0.000000,0.000000,0.000000,0.000000,0.000000,0.000000,0.000000,0.000000,0.000000,0.000000,0.000000,0.000000,0.000000,0.000000,0.000000,0.000000,0.000000,0.000000,0.000000,0.000000,0.000000,0.000000,0.000000,0.000000,0.000000,0.000000,0.000000,0.000000,0.000000,0.000000,0.000000,0.000000,0.000000,0.000000]
0.647358,1.000000,[0.000000,0.000000,0.000000,0.000000,0.000000,0.000000,0.000000,0.000000,0.000000,0.000000,0.000001,0.000001,0.000004,0.000004,0.000020,0.000020,0.000089,0.000089,0.000350,0.000350,0.001226,0.001226,0.003855,0.003855,0.010867,0.010867,0.027439,0.027439,0.062023,0.062023,0.125416,0.125416,0.226803,0.226803,0.367020,0.367020,0.532634,0.532634,0.696496,0.696496,0.827270,0.827270,0.902554,0.902554,0.915377,0.915377,0.869746,0.869746,0.772601,0.772601,0.632631,0.632631,0.466140,0.466140,0.299649,0.299649,0.161863,0.161863,0.070006,0.070006,0.022596,0.022596,0.004817,0.004817,0.000507,0.000507,0.000000,0.000000,0.000000,0.000000,0.000000,0.000000,0.000000,0.000000,0.000000,0.000000,0.000000,0.000000,0.000000,0.000000,0.000000,0.000000,0.000000,0.000000,0.000000,0.000000,0.000000,0.000000,0.000000,0.000000,0.000000,0.000000,0.000000,0.000000,0.000000,0.000000,0.000000,0.000000,0.000000,0.000000]
0.666398,1.000000,[0.000000,0.000000,0.000000,0.000000,0.000000,0.000000,0.000000,0.000000,0.000000,0.000000,0.000000,0.000001,0.000001,0.000007,0.000007,0.000034,0.000034,0.000141,0.000141,0.000525,0.000525,0.001752,0.001752,0.005258,0.005258,0.014181,0.014181,0.034356,0.034356,0.074702,0.074702,0.145694,0.145694,0.254846,0.254846,0.400142,0.400142,0.565406,0.565406,0.722651,0.722651,0.842327,0.842327,0.905119,0.905119,0.906251,0.906251,0.850317,0.850317,0.744607,0.744607,0.599333,0.599333,0.432842,0.432842,0.272092,0.272092,0.143492,0.143492,0.060524,0.060524,0.019040,0.019040,0.003955,0.003955,0.000406,0.000406,0.000000,0.000000,0.000000,0.000000,0.000000,0.000000,0.000000,0.000000,0.000000,0.000000,0.000000,0.000000,0.000000,0.000000,0.000000,0.000000,0.000000,0.000000,0.000000,0.000000,0.000000,0.000000,0.000000,0.000000,0.000000,0.000000,0.000000,0.000000,0.000000,0.000000,0.000000,0.000000,0.000000]
0.685438,1.000000,[0.000000,0.000000,0.000000,0.000000,0.000000,0.000000,0.000000,0.000000,0.000000,0.000000,0.000000,0.000000,0.000003,0.000003,0.000013,0.000013,0.000056,0.000056,0.000218,0.000218,0.000770,0.000770,0.002453,0.002453,0.007042,0.007042,0.018216,0.018216,0.042425,0.042425,0.088900,0.088900,0.167524,0.167524,0.283905,0.283905,0.433195,0.433195,0.596855,0.596855,0.746586,0.746586,0.854885,0.854885,0.905345,0.905345,0.895064,0.895064,0.829175,0.829175,0.715552,0.715552,0.566035,0.566035,0.400692,0.400692,0.246372,0.246372,0.126898,0.126898,0.052227,0.052227,0.016023,0.016023,0.003245,0.003245,0.000325,0.000325,0.000000,0.000000,0.000000,0.000000,0.000000,0.000000,0.000000,0.000000,0.000000,0.000000,0.000000,0.000000,0.000000,0.000000,0.000000,0.000000,0.000000,0.000000,0.000000,0.000000,0.000000,0.000000,0.000000,0.000000,0.000000,0.000000,0.000000,0.000000,0.000000,0.000000,0.000000,0.000000]
0.704478,1.000000,[0.000000,0.000000,0.000000,0.000000,0.000000,0.000000,0.000000,0.000000,0.000000,0.000000,0.000000,0.000001,0.000001,0.000005,0.000005,0.000021,0.000021,0.000088,0.000088,0.000328,0.000328,0.001107,0.001107,0.003371,0.003371,0.009277,0.009277,0.023058,0.023058,0.051720,0.051720,0.104625,0.104625,0.190800,0.190800,0.313763,0.313763,0.465927,0.465927,0.626801,0.626801,0.768246,0.768246,0.864977,0.864977,0.903289,0.903289,0.881886,0.881886,0.806450,0.806450,0.685648,0.685648,0.532966,0.532966,0.369828,0.369828,0.222477,0.222477,0.111964,0.111964,0.044986,0.044986,0.013468,0.013468,0.002661,0.002661,0.000260,0.000260,0.000000,0.000000,0.000000,0.000000,0.000000,0.000000,0.000000,0.000000,0.000000,0.000000,0.000000,0.000000,0.000000,0.000000,0.000000,0.000000,0.000000,0.000000,0.000000,0.000000,0.000000,0.000000,0.000000,0.000000,0.000000,0.000000,0.000000,0.000000,0.000000,0.000000,0.000000]
0.723518,1.000000,[0.000000,0.000000,0.000000,0.000000,0.000000,0.000000,0.000000,0.000000,0.000000,0.000000,0.000000,0.000000,0.000002,0.000002,0.000008,0.000008,0.000035,0.000035,0.000136,0.000136,0.000484,0.000484,0.001560,0.001560,0.004552,0.004552,0.012033,0.012033,0.028790,0.028790,0.062301,0.062301,0.121860,0.121860,0.215393,0.215393,0.344196,0.344196,0.498102,0.498102,0.655090,0.655090,0.787592,0.787592,0.872639,0.872639,0.899008,0.899008,0.866799,0.866799,0.782290,0.782290,0.655112,0.655112,0.500338,0.500338,0.340358,0.340358,0.200374,0.200374,0.098568,0.098568,0.038683,0.038683,0.011306,0.011306,0.002181,0.002181,0.000208,0.000208,0.000000,0.000000,0.000000,0.000000,0.000000,0.000000,0.000000,0.000000,0.000000,0.000000,0.000000,0.000000,0.000000,0.000000,0.000000,0.000000,0.000000,0.000000,0.000000,0.000000,0.000000,0.000000,0.000000,0.000000,0.000000,0.000000,0.000000,0.000000,0.000000,0.000000]
0.742558,1.000000,[0.000000,0.000000,0.000000,0.000000,0.000000,0.000000,0.000000,0.000000,0.000000,0.000000,0.000000,0.000001,0.000001,0.000003,0.000003,0.000013,0.000013,0.000055,0.000055,0.000206,0.000206,0.000699,0.000699,0.002158,0.002158,0.006048,0.006048,0.015385,0.015385,0.035493,0.035493,0.074213,0.074213,0.140567,0.140567,0.241154,0.241154,0.374977,0.374977,0.529500,0.529500,0.681591,0.681591,0.804601,0.804601,0.877913,0.877913,0.892567,0.892567,0.849897,0.849897,0.756854,0.756854,0.624157,0.624157,0.468342,0.468342,0.312361,0.312361,0.180013,0.180013,0.086591,0.086591,0.033207,0.033207,0.009481,0.009481,0.001786,0.001786,0.000166,0.000166,0.000000,0.000000,0.000000,0.000000,0.000000,0.000000,0.000000,0.000000,0.000000,0.000000,0.000000,0.000000,0.000000,0.000000,0.000000,0.000000,0.000000,0.000000,0.000000,0.000000,0.000000,0.000000,0.000000,0.000000,0.000000,0.000000,0.000000,0.000000,0.000000]
0.761598,1.000000,[0.000000,0.000000,0.000000,0.000000,0.000000,0.000000,0.000000,0.000000,0.000000,0.000000,0.000000,0.000000,0.000001,0.000001,0.000005,0.000005,0.000022,0.000022,0.000085,0.000085,0.000304,0.000304,0.000991,0.000991,0.002936,0.002936,0.007916,0.007916,0.019406,0.019406,0.043237,0.043237,0.087484,0.087484,0.160684,0.160684,0.267918,0.267918,0.405882,0.405882,0.559918,0.559918,0.706193,0.706193,0.819264,0.819264,0.880844,0.880844,0.884033,0.884033,0.831289,0.831289,0.730315,0.730315,0.592994,0.592994,0.437146,0.437146,0.285891,0.285891,0.161329,0.161329,0.075914,0.075914,0.028462,0.028462,0.007942,0.007942,0.001462,0.001462,0.000133,0.000133,0.000000,0.000000,0.000000,0.000000,0.000000,0.000000,0.000000,0.000000,0.000000,0.000000,0.000000,0.000000,0.000000,0.000000,0.000000,0.000000,0.000000,0.000000,0.000000,0.000000,0.000000,0.000000,0.000000,0.000000,0.000000,0.000000,0.000000,0.000000]
0.780638,1.000000,[0.000000,0.000000,0.000000,0.000000,0.000000,0.000000,0.000000,0.000000,0.000000,0.000000,0.000000,0.000000,0.000000,0.000002,0.000002,0.000008,0.000008,0.000034,0.000034,0.000129,0.000129,0.000442,0.000442,0.001380,0.001380,0.003932,0.003932,0.010214,0.010214,0.024172,0.024172,0.052086,0.052086,0.102124,0.102124,0.182131,0.182131,0.295511,0.295511,0.436689,0.436689,0.589173,0.589173,0.728807,0.728807,0.831580,0.831580,0.881482,0.881482,0.873484,0.873484,0.811094,0.811094,0.702851,0.702851,0.561825,0.561825,0.406895,0.406895,0.260979,0.260979,0.144246,0.144246,0.066424,0.066424,0.024358,0.024358,0.006646,0.006646,0.001196,0.001196,0.000106,0.000106,0.000000,0.000000,0.000000,0.000000,0.000000,0.000000,0.000000,0.000000,0.000000,0.000000,0.000000,0.000000,0.000000,0.000000,0.000000,0.000000,0.000000,0.000000,0.000000,0.000000,0.000000,0.000000,0.000000,0.000000,0.000000,0.000000,0.000000]
0.799678,1.000000,[0.000000,0.000000,0.000000,0.000000,0.000000,0.000000,0.000000,0.000000,0.000000,0.000000,0.000000,0.000000,0.000001,0.000001,0.000003,0.000003,0.000014,0.000014,0.000053,0.000053,0.000192,0.000192,0.000629,0.000629,0.001890,0.001890,0.005188,0.005188,0.013005,0.013005,0.029755,0.029755,0.062094,0.062094,0.118125,0.118125,0.204807,0.204807,0.323747,0.323747,0.467186,0.467186,0.617100,0.617100,0.749362,0.749362,0.841560,0.841560,0.879882,0.879882,0.861006,0.861006,0.789445,0.789445,0.674646,0.674646,0.530839,0.530839,0.377712,0.377712,0.237632,0.237632,0.128682,0.128682,0.058011,0.058011,0.020816,0.020816,0.005556,0.005556,0.000978,0.000978,0.000085,0.000085,0.000000,0.000000,0.000000,0.000000,0.000000,0.000000,0.000000,0.000000,0.000000,0.000000,0.000000,0.000000,0.000000,0.000000,0.000000,0.000000,0.000000,0.000000,0.000000,0.000000,0.000000,0.000000,0.000000,0.000000,0.000000,0.000000]
0.818718,1.000000,[0.000000,0.000000,0.000000,0.000000,0.000000,0.000000,0.000000,0.000000,0.000000,0.000000,0.000000,0.000000,0.000000,0.000001,0.000001,0.000005,0.000005,0.000022,0.000022,0.000081,0.000081,0.000279,0.000279,0.000882,0.000882,0.002550,0.002550,0.006752,0.006752,0.016355,0.016355,0.036223,0.036223,0.073300,0.073300,0.135461,0.135461,0.228595,0.228595,0.352435,0.352435,0.497169,0.497169,0.643552,0.643552,0.767801,0.767801,0.849225,0.849225,0.876107,0.876107,0.846694,0.846694,0.766485,0.766485,0.645884,0.645884,0.500213,0.500213,0.349696,0.349696,0.215842,0.215842,0.114547,0.114547,0.050572,0.050572,0.017764,0.017764,0.004641,0.004641,0.000800,0.000800,0.000068,0.000068,0.000000,0.000000,0.000000,0.000000,0.000000,0.000000,0.000000,0.000000,0.000000,0.000000,0.000000,0.000000,0.000000,0.000000,0.000000,0.000000,0.000000,0.000000,0.000000,0.000000,0.000000,0.000000,0.000000,0.000000,0.000000]
0.837758,1.000000,[0.000000,0.000000,0.000000,0.000000,0.000000,0.000000,0.000000,0.000000,0.000000,0.000000,0.000000,0.000000,0.000000,0.000000,0.000002,0.000002,0.000008,0.000008,0.000033,0.000033,0.000121,0.000121,0.000400,0.000400,0.001215,0.001215,0.003390,0.003390,0.008673,0.008673,0.020329,0.020329,0.043638,0.043638,0.085732,0.085732,0.154088,0.154088,0.253363,0.253363,0.381381,0.381381,0.526445,0.526445,0.668402,0.668402,0.784086,0.784086,0.854601,0.854601,0.870224,0.870224,0.830652,0.830652,0.742365,0.742365,0.616750,0.616750,0.470110,0.470110,0.322925,0.322925,0.195583,0.195583,0.101752,0.101752,0.044010,0.044010,0.015139,0.015139,0.003872,0.003872,0.000653,0.000653,0.000054,0.000054,0.000000,0.000000,0.000000,0.000000,0.000000,0.000000,0.000000,0.000000,0.000000,0.000000,0.000000,0.000000,0.000000,0.000000,0.000000,0.000000,0.000000,0.000000,0.000000,0.000000,0.000000,0.000000,0.000000,0.000000]
0.856798,1.000000,[0.000000,0.000000,0.000000,0.000000,0.000000,0.000000,0.000000,0.000000,0.000000,0.000000,0.000000,0.000000,0.000000,0.000001,0.000001,0.000003,0.000003,0.000013,0.000013,0.000051,0.000051,0.000176,0.000176,0.000563,0.000563,0.001650,0.001650,0.004447,0.004447,0.011004,0.011004,0.024991,0.024991,0.052057,0.052057,0.099403,0.099403,0.173943,0.173943,0.278966,0.278966,0.410394,0.410394,0.554837,0.554837,0.691539,0.691539,0.798189,0.798189,0.857726,0.857726,0.862310,0.862310,0.812995,0.812995,0.717242,0.717242,0.587422,0.587422,0.440673,0.440673,0.297457,0.297457,0.176817,0.176817,0.090204,0.090204,0.038236,0.038236,0.012886,0.012886,0.003229,0.003229,0.000534,0.000534,0.000044,0.000044,0.000000,0.000000,0.000000,0.000000,0.000000,0.000000,0.000000,0.000000,0.000000,0.000000,0.000000,0.000000,0.000000,0.000000,0.000000,0.000000,0.000000,0.000000,0.000000,0.000000,0.000000,0.000000,0.000000]
0.875838,1.000000,[0.000000,0.000000,0.000000,0.000000,0.000000,0.000000,0.000000,0.000000,0.000000,0.000000,0.000000,0.000000,0.000000,0.000000,0.000001,0.000001,0.000005,0.000005,0.000021,0.000021,0.000076,0.000076,0.000254,0.000254,0.000780,0.000780,0.002210,0.002210,0.005758,0.005758,0.013801,0.013801,0.030404,0.030404,0.061526,0.061526,0.114311,0.114311,0.194948,0.194948,0.305252,0.305252,0.439283,0.439283,0.582177,0.582177,0.712869,0.712869,0.810096,0.810096,0.858642,0.858642,0.852447,0.852447,0.793844,0.793844,0.691278,0.691278,0.558072,0.558072,0.412030,0.412030,0.273329,0.273329,0.159494,0.159494,0.079810,0.079810,0.033166,0.033166,0.010954,0.010954,0.002690,0.002690,0.000436,0.000436,0.000035,0.000035,0.000000,0.000000,0.000000,0.000000,0.000000,0.000000,0.000000,0.000000,0.000000,0.000000,0.000000,0.000000,0.000000,0.000000,0.000000,0.000000,0.000000,0.000000,0.000000,0.000000,0.000000,0.000000]
0.894878,1.000000,[0.000000,0.000000,0.000000,0.000000,0.000000,0.000000,0.000000,0.000000,0.000000,0.000000,0.000000,0.000000,0.000000,0.000000,0.000000,0.000002,0.000002,0.000008,0.000008,0.000032,0.000032,0.000112,0.000112,0.000359,0.000359,0.001066,0.001066,0.002919,0.002919,0.007367,0.007367,0.017122,0.017122,0.036628,0.036628,0.072083,0.072083,0.130439,0.130439,0.217009,0.217009,0.332058,0.332058,0.467862,0.467862,0.608315,0.608315,0.732314,0.732314,0.819806,0.819806,0.857403,0.857403,0.840726,0.840726,0.773331,0.773331,0.664637,0.664637,0.528864,0.528864,0.384289,0.384289,0.250562,0.250562,0.143558,0.143558,0.070481,0.070481,0.028724,0.028724,0.009301,0.009301,0.002239,0.002239,0.000355,0.000355,0.000028,0.000028,0.000000,0.000000,0.000000,0.000000,0.000000,0.000000,0.000000,0.000000,0.000000,0.000000,0.000000,0.000000,0.000000,0.000000,0.000000,0.000000,0.000000,0.000000,0.000000,0.000000,0.000000]
0.913918,1.000000,[0.000000,0.000000,0.000000,0.000000,0.000000,0.000000,0.000000,0.000000,0.000000,0.000000,0.000000,0.000000,0.000000,0.000000,0.000001,0.000001,0.000003,0.000003,0.000013,0.000013,0.000048,0.000048,0.000161,0.000161,0.000500,0.000500,0.001437,0.001437,0.003809,0.003809,0.009318,0.009318,0.021023,0.021023,0.043719,0.043719,0.083754,0.083754,0.147753,0.147753,0.240019,0.240019,0.359219,0.359219,0.495952,0.495952,0.633115,0.633115,0.749813,0.749813,0.827325,0.827325,0.854068,0.854068,0.827247,0.827247,0.751592,0.751592,0.637482,0.637482,0.499949,0.499949,0.357544,0.357544,0.229161,0.229161,0.128942,0.128942,0.062130,0.062130,0.024839,0.024839,0.007889,0.007889,0.001862,0.001862,0.000290,0.000290,0.000022,0.000022,0.000000,0.000000,0.000000,0.000000,0.000000,0.000000,0.000000,0.000000,0.000000,0.000000,0.000000,0.000000,0.000000,0.000000,0.000000,0.000000,0.000000,0.000000,0.000000,0.000000]
0.932958,1.000000,[0.000000,0.000000,0.000000,0.000000,0.000000,0.000000,0.000000,0.000000,0.000000,0.000000,0.000000,0.000000,0.000000,0.000000,0.000000,0.000001,0.000001,0.000005,0.000005,0.000020,0.000020,0.000070,0.000070,0.000229,0.000229,0.000688,0.000688,0.001911,0.001911,0.004911,0.004911,0.011659,0.011659,0.025562,0.025562,0.051726,0.051726,0.096554,0.096554,0.166206,0.166206,0.263859,0.263859,0.386566,0.386566,0.523385,0.523385,0.656455,0.656455,0.765315,0.765315,0.832674,0.832674,0.848704,0.848704,0.812116,0.812116,0.728770,0.728770,0.609976,0.609976,0.471468,0.471468,0.331867,0.331867,0.209117,0.209117,0.115580,0.115580,0.054672,0.054672,0.021449,0.021449,0.006684,0.006684,0.001548,0.001548,0.000236,0.000236,0.000018,0.000018,0.000000,0.000000,0.000000,0.000000,0.000000,0.000000,0.000000,0.000000,0.000000,0.000000,0.000000,0.000000,0.000000,0.000000,0.000000,0.000000,0.000000,0.000000,0.000000]
0.951998,1.000000,[0.000000,0.000000,0.000000,0.000000,0.000000,0.000000,0.000000,0.000000,0.000000,0.000000,0.000000,0.000000,0.000000,0.000000,0.000000,0.000000,0.000002,0.000002,0.000008,0.000008,0.000030,0.000030,0.000102,0.000102,0.000321,0.000321,0.000932,0.000932,0.002511,0.002511,0.006260,0.006260,0.014440,0.014440,0.030795,0.030795,0.060692,0.060692,0.110484,0.110484,0.185736,0.185736,0.288400,0.288400,0.413929,0.413929,0.549999,0.549999,0.678227,0.678227,0.778787,0.778787,0.835880,0.835880,0.841386,0.841386,0.795447,0.795447,0.705011,0.705011,0.582274,0.582274,0.443548,0.443548,0.307317,0.307317,0.190410,0.190410,0.103398,0.103398,0.048027,0.048027,0.018496,0.018496,0.005656,0.005656,0.001285,0.001285,0.000193,0.000193,0.000014,0.000014,0.000000,0.000000,0.000000,0.000000,0.000000,0.000000,0.000000,0.000000,0.000000,0.000000,0.000000,0.000000,0.000000,0.000000,0.000000,0.000000,0.000000,0.000000]
0.971038,1.000000,[0.000000,0.000000,0.000000,0.000000,0.000000,0.000000,0.000000,0.000000,0.000000,0.000000,0.000000,0.000000,0.000000,0.000000,0.000000,0.000001,0.000001,0.000003,0.000003,0.000013,0.000013,0.000045,0.000045,0.000146,0.000146,0.000443,0.000443,0.001248,0.001248,0.003261,0.003261,0.007896,0.007896,0.017711,0.017711,0.036775,0.036775,0.070650,0.070650,0.125535,0.125535,0.206269,0.206269,0.313506,0.313506,0.441143,0.441143,0.575644,0.575644,0.698339,0.698339,0.790205,0.790205,0.836981,0.836981,0.832198,0.832198,0.777360,0.777360,0.680464,0.680464,0.554529,0.554529,0.416302,0.416302,0.283936,0.283936,0.173007,0.173007,0.092324,0.092324,0.042121,0.042121,0.015928,0.015928,0.004782,0.004782,0.001067,0.001067,0.000157,0.000157,0.000011,0.000011,0.000000,0.000000,0.000000,0.000000,0.000000,0.000000,0.000000,0.000000,0.000000,0.000000,0.000000,0.000000,0.000000,0.000000,0.000000,0.000000,0.000000]
0.990078,1.000000,[0.000000,0.000000,0.000000,0.000000,0.000000,0.000000,0.000000,0.000000,0.000000,0.000000,0.000000,0.000000,0.000000,0.000000,0.000000,0.000000,0.000001,0.000001,0.000005,0.000005,0.000019,0.000019,0.000065,0.000065,0.000205,0.000205,0.000604,0.000604,0.001651,0.001651,0.004188,0.004188,0.009859,0.009859,0.021523,0.021523,0.043550,0.043550,0.081627,0.081627,0.141682,0.141682,0.227716,0.227716,0.339033,0.339033,0.468043,0.468043,0.600183,0.600183,0.716712,0.716712,0.799560,0.799560,0.836024,0.836024,0.821231,0.821231,0.757981,0.757981,0.655277,0.655277,0.526883,0.526883,0.389828,0.389828,0.261750,0.261750,0.156871,0.156871,0.082283,0.082283,0.036882,0.036882,0.013699,0.013699,0.004039,0.004039,0.000885,0.000885,0.000128,0.000128,0.000009,0.000009,0.000000,0.000000,0.000000,0.000000,0.000000,0.000000,0.000000,0.000000,0.000000,0.000000,0.000000,0.000000,0.000000,0.000000,0.000000,0.000000]
1.009118,1.000000,[0.000000,0.000000,0.000000,0.000000,0.000000,0.000000,0.000000,0.000000,0.000000,0.000000,0.000000,0.000000,0.000000,0.000000,0.000000,0.000001,0.000001,0.000002,0.000002,0.000008,0.000008,0.000028,0.000028,0.000093,0.000093,0.000285,0.000285,0.000813,0.000813,0.002158,0.002158,0.005322,0.005322,0.012192,0.012192,0.025929,0.025929,0.051165,0.051165,0.093638,0.093638,0.158889,0.158889,0.249980,0.249980,0.364835,0.364835,0.494471,0.494471,0.623489,0.623489,0.733282,0.733282,0.806853,0.806853,0.833066,0.833066,0.808581,0.808581,0.737440,0.737440,0.629598,0.629598,0.499472,0.499472,0.364213,0.364213,0.240774,0.240774,0.141953,0.141953,0.073203,0.073203,0.032246,0.032246,0.011767,0.011767,0.003408,0.003408,0.000733,0.000733,0.000104,0.000104,0.000007,0.000007,0.000000,0.000000,0.000000,0.000000,0.000000,0.000000,0.000000,0.000000,0.000000,0.000000,0.000000,0.000000,0.000000,0.000000,0.000000]
1.028158,1.000000,[0.000000,0.000000,0.000000,0.000000,0.000000,0.000000,0.000000,0.000000,0.000000,0.000000,0.000000,0.000000,0.000000,0.000000,0.000000,0.000000,0.000001,0.000001,0.000003,0.000003,0.000012,0.000012,0.000041,0.000041,0.000131,0.000131,0.000391,0.000391,0.001082,0.001082,0.002791,0.002791,0.006696,0.006696,0.014939,0.014939,0.030976,0.030976,0.059660,0.059660,0.106688,0.106688,0.177107,0.177107,0.272951,0.272951,0.390763,0.390763,0.520275,0.520275,0.645448,0.645448,0.747996,0.747996,0.812096,0.812096,0.828169,0.828169,0.794353,0.794353,0.715872,0.715872,0.603573,0.603573,0.472420,0.472420,0.339525,0.339525,0.221010,0.221010,0.128203,0.128203,0.065012,0.065012,0.028150,0.028150,0.010095,0.010095,0.002873,0.002873,0.000608,0.000608,0.000085,0.000085,0.000006,0.000006,0.000000,0.000000,0.000000,0.000000,0.000000,0.000000,0.000000,0.000000,0.000000,0.000000,0.000000,0.000000,0.000000,0.000000]
1.047198,1.000000,[0.000000,0.000000,0.000000,0.000000,0.000000,0.000000,0.000000,0.000000,0.000000,0.000000,0.000000,0.000000,0.000000,0.000000,0.000000,0.000000,0.000000,0.000001,0.000001,0.000005,0.000005,0.000018,0.000018,0.000059,0.000059,0.000183,0.000183,0.000529,0.000529,0.001424,0.001424,0.003572,0.003572,0.008345,0.008345,0.018147,0.018147,0.036713,0.036713,0.069065,0.069065,0.120772,0.120772,0.196276,0.196276,0.296513,0.296513,0.416665,0.416665,0.545309,0.545309,0.665957,0.665957,0.760816,0.760816,0.815310,0.815310,0.821405,0.821405,0.778656,0.778656,0.693412,0.693412,0.577342,0.577342,0.445841,0.445841,0.315822,0.315822,0.202449,0.202449,0.115565,0.115565,0.057639,0.057639,0.024539,0.024539,0.008651,0.008651,0.002420,0.002420,0.000503,0.000503,0.000069,0.000069,0.000005,0.000005,0.000000,0.000000,0.000000,0.000000,0.000000,0.000000,0.000000,0.000000,0.000000,0.000000,0.000000,0.000000,0.000000]
1.066238,1.000000,[0.000000,0.000000,0.000000,0.000000,0.000000,0.000000,0.000000,0.000000,0.000000,0.000000,0.000000,0.000000,0.000000,0.000000,0.000000,0.000000,0.000001,0.000001,0.000002,0.000002,0.000008,0.000008,0.000026,0.000026,0.000084,0.000084,0.000252,0.000252,0.000708,0.000708,0.001854,0.001854,0.004527,0.004527,0.010305,0.010305,0.021860,0.021860,0.043183,0.043183,0.079407,0.079407,0.135873,0.135873,0.216323,0.216323,0.320544,0.320544,0.442394,0.442394,0.569439,0.569439,0.684929,0.684929,0.771715,0.771715,0.816529,0.816529,0.812856,0.812856,0.761607,0.761607,0.670198,0.670198,0.551042,0.551042,0.419838,0.419838,0.293147,0.293147,0.185072,0.185072,0.103980,0.103980,0.051019,0.051019,0.021361,0.021361,0.007405,0.007405,0.002037,0.002037,0.000416,0.000416,0.000056,0.000056,0.000004,0.000004,0.000000,0.000000,0.000000,0.000000,0.000000,0.000000,0.000000,0.000000,0.000000,0.000000,0.000000,0.000000]
1.085277,1.000000,[0.000000,0.000000,0.000000,0.000000,0.000000,0.000000,0.000000,0.000000,0.000000,0.000000,0.000000,0.000000,0.000000,0.000000,0.000000,0.000000,0.000000,0.000001,0.000001,0.000003,0.000003,0.000011,0.000011,0.000038,0.000038,0.000118,0.000118,0.000344,0.000344,0.000937,0.000937,0.002388,0.002388,0.005682,0.005682,0.012616,0.012616,0.026125,0.026125,0.050428,0.050428,0.090700,0.090700,0.151963,0.151963,0.237167,0.237167,0.344914,0.344914,0.467803,0.467803,0.592537,0.592537,0.702286,0.702286,0.780678,0.780678,0.815795,0.815795,0.802606,0.802606,0.743326,0.743326,0.646367,0.646367,0.524801,0.524801,0.394500,0.394500,0.271532,0.271532,0.168854,0.168854,0.093388,0.093388,0.045088,0.045088,0.018570,0.018570,0.006331,0.006331,0.001713,0.001713,0.000344,0.000344,0.000046,0.000046,0.000003,0.000003,0.000000,0.000000,0.000000,0.000000,0.000000,0.000000,0.000000,0.000000,0.000000,0.000000,0.000000]
1.104317,1.000000,[0.000000,0.000000,0.000000,0.000000,0.000000,0.000000,0.000000,0.000000,0.000000,0.000000,0.000000,0.000000,0.000000,0.000000,0.000000,0.000000,0.000000,0.000000,0.000001,0.000001,0.000005,0.000005,0.000017,0.000017,0.000054,0.000054,0.000163,0.000163,0.000462,0.000462,0.001227,0.001227,0.003047,0.003047,0.007069,0.007069,0.015318,0.015318,0.030985,0.030985,0.058482,0.058482,0.102953,0.102953,0.169004,0.169004,0.258717,0.258717,0.369492,0.369492,0.492750,0.492750,0.614487,0.614487,0.717964,0.717964,0.787701,0.787701,0.813157,0.813157,0.790750,0.790750,0.723934,0.723934,0.622054,0.622054,0.498741,0.498741,0.369906,0.369906,0.250997,0.250997,0.153760,0.153760,0.083728,0.083728,0.039784,0.039784,0.016122,0.016122,0.005407,0.005407,0.001439,0.001439,0.000284,0.000284,0.000037,0.000037,0.000002,0.000002,0.000000,0.000000,0.000000,0.000000,0.000000,0.000000,0.000000,0.000000,0.000000,0.000000]
1.123357,1.000000,[0.000000,0.000000,0.000000,0.000000,0.000000,0.000000,0.000000,0.000000,0.000000,0.000000,0.000000,0.000000,0.000000,0.000000,0.000000,0.000000,0.000000,0.000001,0.000001,0.000002,0.000002,0.000007,0.000007,0.000024,0.000024,0.000076,0.000076,0.000223,0.000223,0.000615,0.000615,0.001591,0.001591,0.003851,0.003851,0.008719,0.008719,0.018451,0.018451,0.036485,0.036485,0.067376,0.067376,0.116163,0.116163,0.186946,0.186946,0.280872,0.280872,0.394143,0.394143,0.517097,0.517097,0.635182,0.635182,0.731912,0.731912,0.792792,0.792792,0.808676,0.808676,0.777387,0.777387,0.703558,0.703558,0.597391,0.597391,0.472974,0.472974,0.346124,0.346124,0.231549,0.231549,0.139754,0.139754,0.074939,0.074939,0.035052,0.035052,0.013979,0.013979,0.004614,0.004614,0.001208,0.001208,0.000235,0.000235,0.000030,0.000030,0.000002,0.000002,0.000000,0.000000,0.000000,0.000000,0.000000,0.000000,0.000000,0.000000,0.000000]
1.142397,1.000000,[0.000000,0.000000,0.000000,0.000000,0.000000,0.000000,0.000000,0.000000,0.000000,0.000000,0.000000,0.000000,0.000000,0.000000,0.000000,0.000000,0.000000,0.000000,0.000001,0.000001,0.000003,0.000003,0.000011,0.000011,0.000034,0.000034,0.000105,0.000105,0.000301,0.000301,0.000810,0.000810,0.002043,0.002043,0.004825,0.004825,0.010665,0.010665,0.022058,0.022058,0.042663,0.042663,0.077134,0.077134,0.130319,0.130319,0.205731,0.205731,0.303526,0.303526,0.418734,0.418734,0.540714,0.540714,0.654528,0.654528,0.744088,0.744088,0.795969,0.795969,0.802418,0.802418,0.762621,0.762621,0.682324,0.682324,0.572508,0.572508,0.447604,0.447604,0.323209,0.323209,0.213190,0.213190,0.126791,0.126791,0.066962,0.066962,0.030837,0.030837,0.012106,0.012106,0.003933,0.003933,0.001013,0.001013,0.000194,0.000194,0.000025,0.000025,0.000002,0.000002,0.000000,0.000000,0.000000,0.000000,0.000000,0.000000,0.000000,0.000000]
1.161437,1.000000,[0.000000,0.000000,0.000000,0.000000,0.000000,0.000000,0.000000,0.000000,0.000000,0.000000,0.000000,0.000000,0.000000,0.000000,0.000000,0.000000,0.000000,0.000000,0.000000,0.000001,0.000001,0.000005,0.000005,0.000015,0.000015,0.000048,0.000048,0.000144,0.000144,0.000403,0.000403,0.001057,0.001057,0.002600,0.002600,0.005993,0.005993,0.012944,0.012944,0.026179,0.026179,0.049557,0.049557,0.087771,0.087771,0.145402,0.145402,0.225290,0.225290,0.326567,0.326567,0.443130,0.443130,0.563477,0.563477,0.672440,0.672440,0.754464,0.754464,0.797259,0.797259,0.794458,0.794458,0.746562,0.746562,0.660361,0.660361,0.547527,0.547527,0.422725,0.422725,0.301205,0.301205,0.195910,0.195910,0.114825,0.114825,0.059737,0.059737,0.027091,0.027091,0.010471,0.010471,0.003349,0.003349,0.000850,0.000850,0.000160,0.000160,0.000020,0.000020,0.000001,0.000001,0.000000,0.000000,0.000000,0.000000,0.000000,0.000000,0.000000]
1.180477,1.000000,[0.000000,0.000000,0.000000,0.000000,0.000000,0.000000,0.000000,0.000000,0.000000,0.000000,0.000000,0.000000,0.000000,0.000000,0.000000,0.000000,0.000000,0.000000,0.000001,0.000001,0.000002,0.000002,0.000007,0.000007,0.000022,0.000022,0.000068,0.000068,0.000196,0.000196,0.000534,0.000534,0.001366,0.001366,0.003278,0.003278,0.007383,0.007383,0.015591,0.015591,0.030855,0.030855,0.057200,0.057200,0.099297,0.099297,0.161379,0.161379,0.245546,0.245546,0.349880,0.349880,0.467199,0.467199,0.585270,0.585270,0.688845,0.688845,0.763023,0.763023,0.796699,0.796699,0.784879,0.784879,0.729322,0.729322,0.637794,0.637794,0.522567,0.522567,0.398421,0.398421,0.280146,0.280146,0.179693,0.179693,0.103807,0.103807,0.053208,0.053208,0.023767,0.023767,0.009047,0.009047,0.002849,0.002849,0.000712,0.000712,0.000132,0.000132,0.000016,0.000016,0.000001,0.000001,0.000000,0.000000,0.000000,0.000000,0.000000,0.000000]
1.199517,1.000000,[0.000000,0.000000,0.000000,0.000000,0.000000,0.000000,0.000000,0.000000,0.000000,0.000000,0.000000,0.000000,0.000000,0.000000,0.000000,0.000000,0.000000,0.000000,0.000000,0.000001,0.000001,0.000003,0.000003,0.000010,0.000010,0.000031,0.000031,0.000093,0.000093,0.000264,0.000264,0.000700,0.000700,0.001748,0.001748,0.004099,0.004099,0.009025,0.009025,0.018644,0.018644,0.036124,0.036124,0.065619,0.065619,0.111714,0.111714,0.178213,0.178213,0.266413,0.266413,0.373344,0.373344,0.490813,0.490813,0.605985,0.605985,0.703681,0.703681,0.769758,0.769758,0.794335,0.794335,0.773768,0.773768,0.711016,0.711016,0.614749,0.614749,0.497737,0.497737,0.374766,0.374766,0.260056,0.260056,0.164516,0.164516,0.093687,0.093687,0.047319,0.047319,0.020823,0.020823,0.007807,0.007807,0.002421,0.002421,0.000596,0.000596,0.000109,0.000109,0.000013,0.000013,0.000001,0.000001,0.000000,0.000000,0.000000,0.000000,0.000000]
1.218557,1.000000,[0.000000,0.000000,0.000000,0.000000,0.000000,0.000000,0.000000,0.000000,0.000000,0.000000,0.000000,0.000000,0.000000,0.000000,0.000000,0.000000,0.000000,0.000000,0.000000,0.000000,0.000001,0.000001,0.000004,0.000004,0.000014,0.000014,0.000043,0.000043,0.000127,0.000127,0.000351,0.000351,0.000910,0.000910,0.002218,0.002218,0.005084,0.005084,0.010948,0.010948,0.022140,0.022140,0.042023,0.042023,0.074838,0.074838,0.125013,0.125013,0.195853,0.195853,0.287799,0.287799,0.396838,0.396838,0.513848,0.513848,0.625524,0.625524,0.716896,0.716896,0.774673,0.774673,0.790221,0.790221,0.761217,0.761217,0.691763,0.691763,0.591346,0.591346,0.473143,0.473143,0.351824,0.351824,0.240948,0.240948,0.150350,0.150350,0.084414,0.084414,0.042020,0.042020,0.018220,0.018220,0.006730,0.006730,0.002056,0.002056,0.000498,0.000498,0.000090,0.000090,0.000011,0.000011,0.000001,0.000001,0.000000,0.000000,0.000000,0.000000]
1.237597,1.000000,[0.000000,0.000000,0.000000,0.000000,0.000000,0.000000,0.000000,0.000000,0.000000,0.000000,0.000000,0.000000,0.000000,0.000000,0.000000,0.000000,0.000000,0.000000,0.000000,0.000001,0.000001,0.000002,0.000002,0.000006,0.000006,0.000020,0.000020,0.000060,0.000060,0.000172,0.000172,0.000463,0.000463,0.001172,0.001172,0.002792,0.002792,0.006257,0.006257,0.013187,0.013187,0.026116,0.026116,0.048586,0.048586,0.084873,0.084873,0.139181,0.139181,0.214242,0.214242,0.309607,0.309607,0.420240,0.420240,0.536183,0.536183,0.643798,0.643798,0.728452,0.728452,0.777783,0.777783,0.784420,0.784420,0.747326,0.747326,0.671679,0.671679,0.567706,0.567706,0.448879,0.448879,0.329649,0.329649,0.222828,0.222828,0.137163,0.137163,0.075935,0.075935,0.037260,0.037260,0.015922,0.015922,0.005795,0.005795,0.001745,0.001745,0.000417,0.000417,0.000074,0.000074,0.000009,0.000009,0.000001,0.000001,0.000000,0.000000,0.000000]
1.256637,1.000000,[0.000000,0.000000,0.000000,0.000000,0.000000,0.000000,0.000000,0.000000,0.000000,0.000000,0.000000,0.000000,0.000000,0.000000,0.000000,0.000000,0.000000,0.000000,0.000000,0.000000,0.000001,0.000001,0.000003,0.000003,0.000009,0.000009,0.000028,0.000028,0.000083,0.000083,0.000230,0.000230,0.000604,0.000604,0.001496,0.001496,0.003485,0.003485,0.007643,0.007643,0.015773,0.015773,0.030610,0.030610,0.055843,0.055843,0.095735,0.095735,0.154193,0.154193,0.233315,0.233315,0.331733,0.331733,0.443428,0.443428,0.557706,0.557706,0.660729,0.660729,0.738318,0.738318,0.779111,0.779111,0.777002,0.777002,0.732197,0.732197,0.650885,0.650885,0.543941,0.543941,0.425033,0.425033,0.308285,0.308285,0.205695,0.205695,0.124917,0.124917,0.068200,0.068200,0.032993,0.032993,0.013897,0.013897,0.004985,0.004985,0.001479,0.001479,0.000348,0.000348,0.000061,0.000061,0.000007,0.000007,0.000000,0.000000,0.000000,0.000000]
1.275677,1.000000,[0.000000,0.000000,0.000000,0.000000,0.000000,0.000000,0.000000,0.000000,0.000000,0.000000,0.000000,0.000000,0.000000,0.000000,0.000000,0.000000,0.000000,0.000000,0.000000,0.000000,0.000000,0.000001,0.000001,0.000004,0.000004,0.000013,0.000013,0.000039,0.000039,0.000112,0.000112,0.000305,0.000305,0.000783,0.000783,0.001893,0.001893,0.004316,0.004316,0.009269,0.009269,0.018740,0.018740,0.035657,0.035657,0.063822,0.063822,0.107427,0.107427,0.170018,0.170018,0.252999,0.252999,0.354072,0.354072,0.466284,0.466284,0.578311,0.578311,0.676247,0.676247,0.746476,0.746476,0.778689,0.778689,0.768041,0.768041,0.715934,0.715934,0.629496,0.629496,0.520159,0.520159,0.401684,0.401684,0.287767,0.287767,0.189540,0.189540,0.113574,0.113574,0.061159,0.061159,0.029173,0.029173,0.012114,0.012114,0.004284,0.004284,0.001253,0.001253,0.000291,0.000291,0.000050,0.000050,0.000006,0.000006,0.000000,0.000000,0.000000]
1.294717,1.000000,[0.000000,0.000000,0.000000,0.000000,0.000000,0.000000,0.000000,0.000000,0.000000,0.000000,0.000000,0.000000,0.000000,0.000000,0.000000,0.000000,0.000000,0.000000,0.000000,0.000000,0.000000,0.000000,0.000002,0.000002,0.000006,0.000006,0.000018,0.000018,0.000054,0.000054,0.000151,0.000151,0.000401,0.000401,0.001005,0.001005,0.002378,0.002378,0.005307,0.005307,0.011163,0.011163,0.022123,0.022123,0.041290,0.041290,0.072543,0.072543,0.119945,0.119945,0.186614,0.186614,0.273213,0.273213,0.376515,0.376515,0.488689,0.488689,0.597898,0.597898,0.690293,0.690293,0.752919,0.752919,0.776559,0.776559,0.757619,0.757619,0.698647,0.698647,0.607628,0.607628,0.496464,0.496464,0.378900,0.378900,0.268121,0.268121,0.174347,0.174347,0.103091,0.103091,0.054762,0.054762,0.025762,0.025762,0.010548,0.010548,0.003678,0.003678,0.001060,0.001060,0.000243,0.000243,0.000041,0.000041,0.000005,0.000005,0.000000,0.000000]
1.313757,1.000000,[0.000000,0.000000,0.000000,0.000000,0.000000,0.000000,0.000000,0.000000,0.000000,0.000000,0.000000,0.000000,0.000000,0.000000,0.000000,0.000000,0.000000,0.000000,0.000000,0.000000,0.000000,0.000001,0.000001,0.000003,0.000003,0.000008,0.000008,0.000025,0.000025,0.000073,0.000073,0.000201,0.000201,0.000521,0.000521,0.001279,0.001279,0.002964,0.002964,0.006478,0.006478,0.013355,0.013355,0.025957,0.025957,0.047540,0.047540,0.082023,0.082023,0.133279,0.133279,0.203934,0.203934,0.293874,0.293874,0.398950,0.398950,0.510531,0.510531,0.616377,0.616377,0.702818,0.702818,0.757647,0.757647,0.772771,0.772771,0.745825,0.745825,0.680443,0.680443,0.585396,0.585396,0.472951,0.472951,0.356744,0.356744,0.249366,0.249366,0.160095,0.160095,0.093425,0.093425,0.048962,0.048962,0.022719,0.022719,0.009174,0.009174,0.003154,0.003154,0.000897,0.000897,0.000202,0.000202,0.000034,0.000034,0.000004,0.000004,0.000000]
1.332797,1.000000,[0.000000,0.000000,0.000000,0.000000,0.000000,0.000000,0.000000,0.000000,0.000000,0.000000,0.000000,0.000000,0.000000,0.000000,0.000000,0.000000,0.000000,0.000000,0.000000,0.000000,0.000000,0.000000,0.000001,0.000001,0.000004,0.000004,0.000012,0.000012,0.000035,0.000035,0.000099,0.000099,0.000265,0.000265,0.000673,0.000673,0.001616,0.001616,0.003667,0.003667,0.007854,0.007854,0.015876,0.015876,0.030273,0.030273,0.054437,0.054437,0.092274,0.092274,0.147410,0.147410,0.221922,0.221922,0.314889,0.314889,0.421266,0.421266,0.531700,0.531700,0.633665,0.633665,0.713784,0.713784,0.760672,0.760672,0.767382,0.767382,0.732749,0.732749,0.661434,0.661434,0.562907,0.562907,0.449710,0.449710,0.335269,0.335269,0.231512,0.231512,0.146761,0.146761,0.084532,0.084532,0.043713,0.043713,0.020010,0.020010,0.007970,0.007970,0.002703,0.002703,0.000758,0.000758,0.000169,0.000169,0.000028,0.000028,0.000003,0.000000]
1.351837,1.000000,[0.000000,0.000000,0.000000,0.000000,0.000000,0.000000,0.000000,0.000000,0.000000,0.000000,0.000000,0.000000,0.000000,0.000000,0.000000,0.000000,0.000000,0.000000,0.000000,0.000000,0.000000,0.000000,0.000000,0.000002,0.000002,0.000005,0.000005,0.000016,0.000016,0.000047,0.000047,0.000132,0.000132,0.000346,0.000346,0.000862,0.000862,0.002026,0.002026,0.004504,0.004504,0.009458,0.009458,0.018755,0.018755,0.035106,0.035106,0.062004,0.062004,0.103301,0.103301,0.162312,0.162312,0.240515,0.240515,0.336164,0.336164,0.443353,0.443353,0.552093,0.552093,0.649689,0.649689,0.723161,0.723161,0.762014,0.762014,0.760455,0.760455,0.718486,0.718486,0.641728,0.641728,0.540267,0.540267,0.426822,0.426822,0.314518,0.314518,0.214562,0.214562,0.134316,0.134316,0.076368,0.076368,0.038972,0.038972,0.017602,0.017602,0.006917,0.006917,0.002314,0.002314,0.000640,0.000640,0.000140,0.000140,0.000023,0.000022,0.000000]
1.370877,1.000000,[0.000000,0.000000,0.000000,0.000000,0.000000,0.000000,0.000000,0.000000,0.000000,0.000000,0.000000,0.000000,0.000000,0.000000,0.000000,0.000000,0.000000,0.000000,0.000000,0.000000,0.000000,0.000000,0.000001,0.000001,0.000002,0.000002,0.000007,0.000007,0.000022,0.000022,0.000064,0.000064,0.000175,0.000175,0.000449,0.000449,0.001095,0.001095,0.002522,0.002522,0.005495,0.005495,0.011317,0.011317,0.022025,0.022025,0.040486,0.040486,0.070264,0.070264,0.115103,0.115103,0.177953,0.177953,0.259645,0.259645,0.357602,0.357602,0.465101,0.465101,0.571612,0.571612,0.664383,0.664383,0.730932,0.730932,0.761702,0.761702,0.752061,0.752061,0.703134,0.703134,0.621436,0.621436,0.517578,0.517578,0.404361,0.404361,0.294526,0.294526,0.198513,0.198513,0.122726,0.122726,0.068889,0.068889,0.034698,0.034698,0.015465,0.015465,0.005996,0.005996,0.001979,0.001979,0.000540,0.000540,0.000117,0.000117,0.000018,0.000000]
1.389917,1.000000,[0.000000,0.000000,0.000000,0.000000,0.000000,0.000000,0.000000,0.000000,0.000000,0.000000,0.000000,0.000000,0.000000,0.000000,0.000000,0.000000,0.000000,0.000000,0.000000,0.000000,0.000000,0.000000,0.000000,0.000001,0.000001,0.000003,0.000003,0.000010,0.000010,0.000031,0.000031,0.000086,0.000086,0.000230,0.000230,0.000579,0.000579,0.001380,0.001380,0.003116,0.003116,0.006659,0.006659,0.013459,0.013459,0.025717,0.025717,0.046441,0.046441,0.079232,0.079232,0.127673,0.127673,0.194291,0.194291,0.279236,0.279236,0.379102,0.379102,0.486403,0.486403,0.590166,0.590166,0.677693,0.677693,0.737086,0.737086,0.759774,0.759774,0.742276,0.742276,0.686794,0.686794,0.600664,0.600664,0.494935,0.494935,0.382394,0.382394,0.275324,0.275324,0.183355,0.183355,0.111959,0.111959,0.062051,0.062051,0.030852,0.030852,0.013571,0.013571,0.005193,0.005193,0.001691,0.001691,0.000456,0.000456,0.000097,0.000093,0.000000]
1.408957,1.000000,[0.000000,0.000000,0.000000,0.000000,0.000000,0.000000,0.000000,0.000000,0.000000,0.000000,0.000000,0.000000,0.000000,0.000000,0.000000,0.000000,0.000000,0.000000,0.000000,0.000000,0.000000,0.000000,0.000000,0.000000,0.000001,0.000001,0.000005,0.000005,0.000014,0.000014,0.000042,0.000042,0.000115,0.000115,0.000299,0.000299,0.000739,0.000739,0.001727,0.001727,0.003825,0.003825,0.008019,0.008019,0.015911,0.015911,0.029862,0.029862,0.052999,0.052999,0.088920,0.088920,0.140997,0.140997,0.211280,0.211280,0.299209,0.299209,0.400562,0.400562,0.507156,0.507156,0.607672,0.607672,0.689572,0.689572,0.741623,0.741623,0.756274,0.756274,0.731180,0.731180,0.669568,0.669568,0.579519,0.579519,0.472427,0.472427,0.360980,0.360980,0.256930,0.256930,0.169076,0.169076,0.101977,0.101977,0.055811,0.055811,0.027396,0.027396,0.011896,0.011896,0.004492,0.004492,0.001444,0.001444,0.000384,0.000383,0.000078,0.000000]
1.427997,1.000000,[0.000000,0.000000,0.000000,0.000000,0.000000,0.000000,0.000000,0.000000,0.000000,0.000000,0.000000,0.000000,0.000000,0.000000,0.000000,0.000000,0.000000,0.000000,0.000000,0.000000,0.000000,0.000000,0.000000,0.000001,0.000001,0.000002,0.000002,0.000007,0.000007,0.000020,0.000020,0.000057,0.000057,0.000152,0.000152,0.000387,0.000387,0.000937,0.000937,0.002147,0.002147,0.004664,0.004664,0.009598,0.009598,0.018701,0.018701,0.034490,0.034490,0.060184,0.060184,0.099335,0.099335,0.155053,0.155053,0.228866,0.228866,0.319480,0.319480,0.421881,0.421881,0.527259,0.527259,0.624052,0.624052,0.699982,0.699982,0.744554,0.744554,0.751255,0.751255,0.718857,0.718857,0.651558,0.651558,0.558100,0.558100,0.450137,0.450137,0.340170,0.340170,0.239359,0.239359,0.155656,0.155656,0.092744,0.092744,0.050128,0.050128,0.024296,0.024296,0.010415,0.010415,0.003883,0.003883,0.001232,0.001232,0.000323,0.000306,0.000000]
1.447037,1.000000,[0.000000,0.000000,0.000000,0.000000,0.000000,0.000000,0.000000,0.000000,0.000000,0.000000,0.000000,0.000000,0.000000,0.000000,0.000000,0.000000,0.000000,0.000000,0.000000,0.000000,0.000000,0.000000,0.000000,0.000000,0.000001,0.000001,0.000003,0.000003,0.000009,0.000009,0.000027,0.000027,0.000076,0.000076,0.000199,0.000199,0.000497,0.000497,0.001179,0.001179,0.002650,0.002650,0.005651,0.005651,0.011418,0.011418,0.021859,0.021859,0.039628,0.039628,0.068014,0.068014,0.110479,0.110479,0.169816,0.169816,0.246989,0.246989,0.339960,0.339960,0.442956,0.442956,0.546618,0.546618,0.639238,0.639238,0.708896,0.708896,0.745894,0.745894,0.744776,0.744776,0.705398,0.705398,0.632867,0.632867,0.536508,0.536508,0.428144,0.428144,0.320008,0.320008,0.222619,0.222619,0.143074,0.143074,0.084221,0.084221,0.044962,0.044962,0.021519,0.021519,0.009109,0.009109,0.003353,0.003353,0.001050,0.001047,0.000258,0.000000]
1.466077,1.000000,[0.000000,0.000000,0.000000,0.000000,0.000000,0.000000,0.000000,0.000000,0.000000,0.000000,0.000000,0.000000,0.000000,0.000000,0.000000,0.000000,0.000000,0.000000,0.000000,0.000000,0.000000,0.000000,0.000000,0.000000,0.000000,0.000001,0.000001,0.000004,0.000004,0.000013,0.000013,0.000037,0.000037,0.000100,0.000100,0.000259,0.000259,0.000633,0.000633,0.001473,0.001473,0.003250,0.003250,0.006804,0.006804,0.013506,0.013506,0.025413,0.025413,0.045306,0.045306,0.076507,0.076507,0.122346,0.122346,0.185251,0.185251,0.265583,0.265583,0.360559,0.360559,0.463689,0.463689,0.565142,0.565142,0.653169,0.653169,0.716296,0.716296,0.745670,0.745670,0.736900,0.736900,0.690891,0.690891,0.613595,0.613595,0.514835,0.514835,0.406517,0.406517,0.300530,0.300530,0.206710,0.206710,0.131303,0.131303,0.076369,0.076369,0.040273,0.040273,0.019037,0.019037,0.007957,0.007957,0.002892,0.002891,0.000892,0.000837,0.000000]
1.485117,1.000000,[0.000000,0.000000,0.000000,0.000000,0.000000,0.000000,0.000000,0.000000,0.000000,0.000000,0.000000,0.000000,0.000000,0.000000,0.000000,0.000000,0.000000,0.000000,0.000000,0.000000,0.000000,0.000000,0.000000,0.000000,0.000001,0.000001,0.000002,0.000002,0.000006,0.000006,0.000018,0.000018,0.000050,0.000050,0.000132,0.000132,0.000334,0.000334,0.000801,0.000801,0.001828,0.001828,0.003961,0.003961,0.008145,0.008145,0.015888,0.015888,0.029391,0.029391,0.051546,0.051546,0.085675,0.085675,0.134927,0.134927,0.201317,0.201317,0.284578,0.284578,0.381185,0.381185,0.483979,0.483979,0.582747,0.582747,0.665795,0.665795,0.722171,0.722171,0.743916,0.743916,0.727698,0.727698,0.675432,0.675432,0.593843,0.593843,0.493171,0.493171,0.385319,0.385319,0.281766,0.281766,0.191628,0.191628,0.120316,0.120316,0.069150,0.069150,0.036026,0.036026,0.016821,0.016821,0.006944,0.006944,0.002492,0.002481,0.000713,0.000000]
1.504156,1.000000,[0.000000,0.000000,0.000000,0.000000,0.000000,0.000000,0.000000,0.000000,0.000000,0.000000,0.000000,0.000000,0.000000,0.000000,0.000000,0.000000,0.000000,0.000000,0.000000,0.000000,0.000000,0.000000,0.000000,0.000000,0.000000,0.000001,0.000001,0.000003,0.000003,0.000008,0.000008,0.000024,0.000024,0.000066,0.000066,0.000172,0.000172,0.000427,0.000427,0.001007,0.001007,0.002255,0.002255,0.004798,0.004798,0.009693,0.009693,0.018588,0.018588,0.033822,0.033822,0.058372,0.058372,0.095525,0.095525,0.148205,0.148205,0.217969,0.217969,0.303900,0.303900,0.401744,0.401744,0.503733,0.503733,0.599357,0.599357,0.677070,0.677070,0.726520,0.726520,0.740673,0.740673,0.717245,0.717245,0.659114,0.659114,0.573709,0.573709,0.471601,0.471601,0.364609,0.364609,0.263738,0.263738,0.177366,0.177366,0.110083,0.110083,0.062525,0.062525,0.032185,0.032185,0.014846,0.014846,0.006054,0.006051,0.002136,0.001985,0.000000]
1.523196,1.000000,[0.000000,0.000000,0.000000,0.000000,0.000000,0.000000,0.000000,0.000000,0.000000,0.000000,0.000000,0.000000,0.000000,0.000000,0.000000,0.000000,0.000000,0.000000,0.000000,0.000000,0.000000,0.000000,0.000000,0.000000,0.000000,0.000000,0.000001,0.000001,0.000004,0.000004,0.000012,0.000012,0.000033,0.000033,0.000087,0.000087,0.000223,0.000223,0.000543,0.000543,0.001256,0.001256,0.002764,0.002764,0.005777,0.005777,0.011472,0.011472,0.021635,0.021635,0.038732,0.038732,0.065802,0.065802,0.106061,0.106061,0.162158,0.162158,0.235155,0.235155,0.323469,0.323469,0.422142,0.422142,0.522858,0.522858,0.614899,0.614899,0.686960,0.686960,0.729350,0.729350,0.735987,0.735987,0.705619,0.705619,0.642033,0.642033,0.553287,0.553287,0.450202,0.450202,0.344435,0.344435,0.246464,0.246464,0.163909,0.163909,0.100571,0.100571,0.056457,0.056457,0.028717,0.028717,0.013087,0.013087,0.005270,0.005238,0.001709,0.000000]
1.542236,1.000000,[0.000000,0.000000,0.000000,0.000000,0.000000,0.000000,0.000000,0.000000,0.000000,0.000000,0.000000,0.000000,0.000000,0.000000,0.000000,0.000000,0.000000,0.000000,0.000000,0.000000,0.000000,0.000000,0.000000,0.000000,0.000000,0.000001,0.000001,0.000002,0.000002,0.000005,0.000005,0.000016,0.000016,0.000043,0.000043,0.000115,0.000115,0.000287,0.000287,0.000686,0.000686,0.001558,0.001558,0.003366,0.003366,0.006916,0.006916,0.013505,0.013505,0.025054,0.025054,0.044146,0.044146,0.073854,0.073854,0.117281,0.117281,0.176757,0.176757,0.252818,0.252818,0.343203,0.343203,0.442285,0.442285,0.541266,0.541266,0.629311,0.629311,0.695438,0.695438,0.730678,0.730678,0.729914,0.729914,0.692902,0.692902,0.624284,0.624284,0.532670,0.532670,0.429049,0.429049,0.324840,0.324840,0.229953,0.229953,0.151242,0.151242,0.091749,0.091749,0.050909,0.050909,0.025591,0.025591,0.011524,0.011517,0.004558,0.004190,0.000000]
1.561276,1.000000,[0.000000,0.000000,0.000000,0.000000,0.000000,0.000000,0.000000,0.000000,0.000000,0.000000,0.000000,0.000000,0.000000,0.000000,0.000000,0.000000,0.000000,0.000000,0.000000,0.000000,0.000000,0.000000,0.000000,0.000000,0.000000,0.000000,0.000001,0.000001,0.000003,0.000003,0.000007,0.000007,0.000021,0.000021,0.000058,0.000058,0.000149,0.000149,0.000367,0.000367,0.000860,0.000860,0.001919,0.001919,0.004076,0.004076,0.008234,0.008234,0.015815,0.015815,0.028873,0.028873,0.050088,0.050088,0.082539,0.082539,0.129176,0.129176,0.191970,0.191970,0.270895,0.270895,0.363020,0.363020,0.462081,0.462081,0.558875,0.558875,0.642537,0.642537,0.702486,0.702486,0.730525,0.730525,0.722511,0.722511,0.679178,0.679178,0.605961,0.605961,0.511946,0.511946,0.408207,0.408207,0.305863,0.305863,0.214211,0.214211,0.139343,0.139343,0.083581,0.083581,0.045846,0.045845,0.022778,0.022776,0.010131,0.010052,0.003646,0.000000]
1.580316,1.000000,[0.000000,0.000000,0.000000,0.000000,0.000000,0.000000,0.000000,0.000000,0.000000,0.000000,0.000000,0.000000,0.000000,0.000000,0.000000,0.000000,0.000000,0.000000,0.000000,0.000000,0.000000,0.000000,0.000000,0.000000,0.000000,0.000000,0.000000,0.000001,0.000001,0.000003,0.000003,0.000010,0.000010,0.000029,0.000029,0.000076,0.000076,0.000193,0.000193,0.000466,0.000466,0.001072,0.001072,0.002351,0.002351,0.004908,0.004908,0.009750,0.009750,0.018426,0.018426,0.033116,0.033116,0.056578,0.056578,0.091867,0.091867,0.141735,0.141735,0.207755,0.207755,0.289320,0.289320,0.382832,0.382832,0.481440,0.481440,0.575607,0.575607,0.654527,0.654527,0.708094,0.708094,0.728922,0.728922,0.713845,0.713845,0.664535,0.664535,0.587158,0.587158,0.491198,0.491198,0.387738,0.387738,0.287533,0.287533,0.199237,0.199237,0.128191,0.128191,0.076034,0.076034,0.041232,0.041232,0.020248,0.020231,0.008834,0.008041,0.000000]
1.599356,1.000000,[0.000000,0.000000,0.000000,0.000000,0.000000,0.000000,0.000000,0.000000,0.000000,0.000000,0.000000,0.000000,0.000000,0.000000,0.000000,0.000000,0.000000,0.000000,0.000000,0.000000,0.000000,0.000000,0.000000,0.000000,0.000000,0.000000,0.000001,0.000001,0.000002,0.000002,0.000005,0.000005,0.000014,0.000014,0.000038,0.000038,0.000099,0.000099,0.000247,0.000247,0.000587,0.000587,0.001328,0.001328,0.002862,0.002862,0.005876,0.005876,0.011485,0.011485,0.021364,0.021364,0.037808,0.037808,0.063636,0.063636,0.101840,0.101840,0.154939,0.154939,0.224068,0.224068,0.308022,0.308022,0.402553,0.402553,0.500273,0.500273,0.591391,0.591391,0.665240,0.665240,0.712259,0.712259,0.725907,0.725907,0.703983,0.703983,0.649059,0.649059,0.567966,0.567966,0.470506,0.470506,0.367697,0.367697,0.269874,0.269874,0.185028,0.185028,0.117759,0.117759,0.069073,0.069073,0.037035,0.037032,0.017966,0.017793,0.007067,0.000000]
1.618396,1.000000,[0.000000,0.000000,0.000000,0.000000,0.000000,0.000000,0.000000,0.000000,0.000000,0.000000,0.000000,0.000000,0.000000,0.000000,0.000000,0.000000,0.000000,0.000000,0.000000,0.000000,0.000000,0.000000,0.000000,0.000000,0.000000,0.000000,0.000000,0.000001,0.000001,0.000002,0.000002,0.000007,0.000007,0.000019,0.000019,0.000050,0.000050,0.000129,0.000129,0.000315,0.000315,0.000735,0.000735,0.001635,0.001635,0.003465,0.003465,0.006998,0.006998,0.013461,0.013461,0.024653,0.024653,0.042974,0.042974,0.071277,0.071277,0.112460,0.112460,0.168764,0.168764,0.240859,0.240859,0.326929,0.326929,0.422097,0.422097,0.518497,0.518497,0.606161,0.606161,0.674644,0.674644,0.714989,0.714989,0.721522,0.721522,0.692998,0.692998,0.632841,0.632841,0.548474,0.548474,0.449944,0.449944,0.348132,0.348132,0.252904,0.252904,0.171574,0.171574,0.108022,0.108022,0.062666,0.062665,0.033221,0.033184,0.015786,0.014235,0.000000]
1.637436,1.000000,[0.000000,0.000000,0.000000,0.000000,0.000000,0.000000,0.000000,0.000000,0.000000,0.000000,0.000000,0.000000,0.000000,0.000000,0.000000,0.000000,0.000000,0.000000,0.000000,0.000000,0.000000,0.000000,0.000000,0.000000,0.000000,0.000000,0.000000,0.000000,0.000001,0.000001,0.000003,0.000003,0.000009,0.000009,0.000025,0.000025,0.000066,0.000066,0.000166,0.000166,0.000399,0.000399,0.000915,0.000915,0.002001,0.002001,0.004172,0.004172,0.008291,0.008291,0.015699,0.015699,0.028317,0.028317,0.048634,0.048634,0.079513,0.079513,0.123721,0.123721,0.183183,0.183183,0.258073,0.258073,0.345962,0.345962,0.441377,0.441377,0.536030,0.536030,0.619858,0.619858,0.682713,0.682713,0.716296,0.716296,0.715817,0.715817,0.680967,0.680967,0.615967,0.615967,0.528768,0.528768,0.429582,0.429582,0.329087,0.329087,0.236638,0.236638,0.158864,0.158864,0.098951,0.098951,0.056777,0.056769,0.029734,0.029394,0.012629,0.000000]
1.656476,1.000000,[0.000000,0.000000,0.000000,0.000000,0.000000,0.000000,0.000000,0.000000,0.000000,0.000000,0.000000,0.000000,0.000000,0.000000,0.000000,0.000000,0.000000,0.000000,0.000000,0.000000,0.000000,0.000000,0.000000,0.000000,0.000000,0.000000,0.000000,0.000000,0.000000,0.000001,0.000001,0.000004,0.000004,0.000012,0.000012,0.000033,0.000033,0.000086,0.000086,0.000213,0.000213,0.000502,0.000502,0.001132,0.001132,0.002435,0.002435,0.004995,0.004995,0.009772,0.009772,0.018223,0.018223,0.032381,0.032381,0.054810,0.054810,0.088355,0.088355,0.135613,0.135613,0.198161,0.198161,0.275651,0.275651,0.365045,0.365045,0.460308,0.460308,0.552795,0.552795,0.632429,0.632429,0.689429,0.689429,0.716200,0.716200,0.708847,0.708847,0.667967,0.667967,0.598528,0.598528,0.508931,0.508931,0.409483,0.409483,0.310597,0.310597,0.221083,0.221083,0.146881,0.146881,0.090516,0.090514,0.051368,0.051294,0.026313,0.023515,0.000000]
1.675516,1.000000,[0.000000,0.000000,0.000000,0.000000,0.000000,0.000000,0.000000,0.000000,0.000000,0.000000,0.000000,0.000000,0.000000,0.000000,0.000000,0.000000,0.000000,0.000000,0.000000,0.000000,0.000000,0.000000,0.000000,0.000000,0.000000,0.000000,0.000000,0.000000,0.000001,0.000001,0.000002,0.000002,0.000006,0.000006,0.000016,0.000016,0.000044,0.000044,0.000111,0.000111,0.000271,0.000271,0.000628,0.000628,0.001393,0.001393,0.002947,0.002947,0.005951,0.005951,0.011462,0.011462,0.021054,0.021054,0.036867,0.036867,0.061519,0.061519,0.097807,0.097807,0.148123,0.148123,0.213659,0.213659,0.293529,0.293529,0.384098,0.384098,0.478805,0.478805,0.568722,0.568722,0.643829,0.643829,0.694784,0.694784,0.714729,0.714729,0.700671,0.700671,0.654079,0.654079,0.580608,0.580608,0.489041,0.489041,0.389706,0.389706,0.292694,0.292694,0.206243,0.206243,0.135608,0.135608,0.082686,0.082670,0.046357,0.045738,0.021050,0.000000]
1.694556,1.000000,[0.000000,0.000000,0.000000,0.000000,0.000000,0.000000,0.000000,0.000000,0.000000,0.000000,0.000000,0.000000,0.000000,0.000000,0.000000,0.000000,0.000000,0.000000,0.000000,0.000000,0.000000,0.000000,0.000000,0.000000,0.000000,0.000000,0.000000,0.000000,0.000000,0.000001,0.000001,0.000003,0.000003,0.000008,0.000008,0.000022,0.000022,0.000057,0.000057,0.000143,0.000143,0.000342,0.000342,0.000781,0.000781,0.001704,0.001704,0.003548,0.003548,0.007053,0.007053,0.013381,0.013381,0.024217,0.024217,0.041797,0.041797,0.068777,0.068777,0.107870,0.107870,0.161230,0.161230,0.229633,0.229633,0.311643,0.311643,0.403039,0.403039,0.496789,0.496789,0.583743,0.583743,0.654020,0.654020,0.698773,0.698773,0.711918,0.711918,0.691353,0.691353,0.639385,0.639385,0.562295,0.562295,0.469174,0.469174,0.370303,0.370303,0.275404,0.275404,0.192116,0.192116,0.125024,0.125020,0.075421,0.075284,0.041296,0.036590,0.000000]
1.713596,1.000000,[0.000000,0.000000,0.000000,0.000000,0.000000,0.000000,0.000000,0.000000,0.000000,0.000000,0.000000,0.000000,0.000000,0.000000,0.000000,0.000000,0.000000,0.000000,0.000000,0.000000,0.000000,0.000000,0.000000,0.000000,0.000000,0.000000,0.000000,0.000000,0.000000,0.000000,0.000001,0.000001,0.000004,0.000004,0.000011,0.000011,0.000029,0.000029,0.000074,0.000074,0.000183,0.000183,0.000430,0.000430,0.000966,0.000966,0.002072,0.002072,0.004249,0.004249,0.008319,0.008319,0.015548,0.015548,0.027733,0.027733,0.047193,0.047193,0.076595,0.076595,0.118542,0.118542,0.174911,0.174911,0.246035,0.246035,0.329922,0.329922,0.421789,0.421789,0.514180,0.514180,0.597799,0.597799,0.662970,0.662970,0.701402,0.701402,0.707805,0.707805,0.680959,0.680959,0.623967,0.623967,0.543671,0.543671,0.449400,0.449400,0.351324,0.351324,0.258747,0.258746,0.178698,0.178697,0.115103,0.115073,0.068596,0.067545,0.033037,0.000000]
1.732636,1.000000,[0.000000,0.000000,0.000000,0.000000,0.000000,0.000000,0.000000,0.000000,0.000000,0.000000,0.000000,0.000000,0.000000,0.000000,0.000000,0.000000,0.000000,0.000000,0.000000,0.000000,0.000000,0.000000,0.000000,0.000000,0.000000,0.000000,0.000000,0.000000,0.000000,0.000001,0.000001,0.000002,0.000002,0.000005,0.000005,0.000014,0.000014,0.000038,0.000038,0.000096,0.000096,0.000232,0.000232,0.000537,0.000537,0.001187,0.001187,0.002508,0.002508,0.005063,0.005063,0.009765,0.009765,0.017985,0.017985,0.031625,0.031625,0.053073,0.053073,0.084985,0.084985,0.129816,0.129816,0.189136,0.189136,0.262813,0.262813,0.348296,0.348296,0.440267,0.440267,0.530903,0.530903,0.610833,0.610833,0.670657,0.670657,0.702682,0.702682,0.702435,0.702435,0.669561,0.669561,0.607908,0.607908,0.524817,0.524817,0.429785,0.429785,0.332808,0.332808,0.242737,0.242737,0.165979,0.165972,0.105802,0.105567,0.061484,0.054036,0.000000]
1.751676,1.000000,[0.000000,0.000000,0.000000,0.000000,0.000000,0.000000,0.000000,0.000000,0.000000,0.000000,0.000000,0.000000,0.000000,0.000000,0.000000,0.000000,0.000000,0.000000,0.000000,0.000000,0.000000,0.000000,0.000000,0.000000,0.000000,0.000000,0.000000,0.000000,0.000000,0.000000,0.000001,0.000001,0.000003,0.000003,0.000007,0.000007,0.000019,0.000019,0.000050,0.000050,0.000123,0.000123,0.000293,0.000293,0.000667,0.000667,0.001451,0.001451,0.003019,0.003019,0.006003,0.006003,0.011409,0.011409,0.020713,0.020713,0.035915,0.035915,0.059456,0.059456,0.093951,0.093951,0.141680,0.141680,0.203871,0.203871,0.279909,0.279909,0.366690,0.366690,0.458394,0.458394,0.546889,0.546889,0.622798,0.622798,0.677062,0.677062,0.702633,0.702633,0.695860,0.695860,0.657230,0.657230,0.591289,0.591289,0.505810,0.505810,0.410389,0.410389,0.314794,0.314794,0.227385,0.227384,0.153943,0.153891,0.096938,0.095261,0.049187,0.000000]
